,id,Geographic Area Name,Estimate_RACE_Total population,ME_RACE_Total population,PT Estimate_RACE_Total population,PT ME_RACE_Total population,Estimate_RACE_Total population_One race,ME_RACE_Total population_One race,PT Estimate_RACE_Total population_One race,PT ME_RACE_Total population_One race,Estimate_RACE_Total population_Two or more races,ME_RACE_Total population_Two or more races,PT Estimate_RACE_Total population_Two or more races,PT ME_RACE_Total population_Two or more races,Estimate_RACE_Total population_One race,ME_RACE_Total population_One race,PT Estimate_RACE_Total population_One race,PT ME_RACE_Total population_One race,Estimate_RACE_Total population_One race_White,ME_RACE_Total population_One race_White,PT Estimate_RACE_Total population_One race_White,PT ME_RACE_Total population_One race_White,Estimate_RACE_Total population_One race_Black or African American,ME_RACE_Total population_One race_Black or African American,PT Estimate_RACE_Total population_One race_Black or African American,PT ME_RACE_Total population_One race_Black or African American,Estimate_RACE_Total population_One race_American Indian and Alaska Native,ME_RACE_Total population_One race_American Indian and Alaska Native,PT Estimate_RACE_Total population_One race_American Indian and Alaska Native,PT ME_RACE_Total population_One race_American Indian and Alaska Native,Estimate_RACE_Total population_One race_Asian,ME_RACE_Total population_One race_Asian,PT Estimate_RACE_Total population_One race_Asian,PT ME_RACE_Total population_One race_Asian,Estimate_RACE_Total population_One race_Native Hawaiian and Other Pacific Islander,ME_RACE_Total population_One race_Native Hawaiian and Other Pacific Islander,PT Estimate_RACE_Total population_One race_Native Hawaiian and Other Pacific Islander,PT ME_RACE_Total population_One race_Native Hawaiian and Other Pacific Islander,Estimate_RACE_Total population_One race_Some other race,ME_RACE_Total population_One race_Some other race,PT Estimate_RACE_Total population_One race_Some other race,PT ME_RACE_Total population_One race_Some other race,Estimate_RACE_Total population_Two or more races,ME_RACE_Total population_Two or more races,PT Estimate_RACE_Total population_Two or more races,PT ME_RACE_Total population_Two or more races,Estimate_RACE_Total population_Two or more races_White and Black or African American,ME_RACE_Total population_Two or more races_White and Black or African American,PT Estimate_RACE_Total population_Two or more races_White and Black or African American,PT ME_RACE_Total population_Two or more races_White and Black or African American,Estimate_RACE_Total population_Two or more races_White and American Indian and Alaska Native,ME_RACE_Total population_Two or more races_White and American Indian and Alaska Native,PT Estimate_RACE_Total population_Two or more races_White and American Indian and Alaska Native,PT ME_RACE_Total population_Two or more races_White and American Indian and Alaska Native,Estimate_RACE_Total population_Two or more races_White and Asian,ME_RACE_Total population_Two or more races_White and Asian,PT Estimate_RACE_Total population_Two or more races_White and Asian,PT ME_RACE_Total population_Two or more races_White and Asian,Estimate_RACE_Total population_Two or more races_Black or African American and American Indian and Alaska Native,ME_RACE_Total population_Two or more races_Black or African American and American Indian and Alaska Native,PT Estimate_RACE_Total population_Two or more races_Black or African American and American Indian and Alaska Native,PT ME_RACE_Total population_Two or more races_Black or African American and American Indian and Alaska Native,Estimate_HISPANIC OR LATINO AND RACE_Total population,ME_HISPANIC OR LATINO AND RACE_Total population,PT Estimate_HISPANIC OR LATINO AND RACE_Total population,PT ME_HISPANIC OR LATINO AND RACE_Total population,Estimate_HISPANIC OR LATINO AND RACE_Total population_Hispanic or Latino (of any race),ME_HISPANIC OR LATINO AND RACE_Total population_Hispanic or Latino (of any race),PT Estimate_HISPANIC OR LATINO AND RACE_Total population_Hispanic or Latino (of any race),PT ME_HISPANIC OR LATINO AND RACE_Total population_Hispanic or Latino (of any race)
0,0100000US,United States,322903030,*****,322903030,(X),312467233,95465,96.8,0.1,10435797,95419,3.2,0.1,312467233,95465,96.8,0.1,234904818,49642,72.7,0.1,40916113,31375,12.7,0.1,2699073,12129,0.8,0.1,17574550,20968,5.4,0.1,582718,5451,0.2,0.1,15789961,90295,4.9,0.1,10435797,95419,3.2,0.1,2808897,31046,0.9,0.1,1914487,12184,0.6,0.1,2174150,26032,0.7,0.1,313482,7086,0.1,0.1,322903030,*****,322903030,(X),57517935,1657,17.8,0.1
1,8600000US10001,ZCTA5 10001,22924,1190,22924,(X),22326,1189,97.4,1.1,598,264,2.6,1.1,22326,1189,97.4,1.1,14422,1209,62.9,4.4,1413,376,6.2,1.6,36,42,0.2,0.2,5774,861,25.2,3.5,20,34,0.1,0.1,661,342,2.9,1.5,598,264,2.6,1.1,47,40,0.2,0.2,53,66,0.2,0.3,221,122,1.0,0.5,0,22,0.0,0.1,22924,1190,22924,(X),3246,711,14.2,2.9
2,8600000US10002,ZCTA5 10002,74993,1909,74993,(X),72085,1844,96.1,1.1,2908,846,3.9,1.1,72085,1844,96.1,1.1,24168,1590,32.2,2.0,6283,825,8.4,1.1,680,396,0.9,0.5,31089,1533,41.5,1.7,24,41,0.0,0.1,9841,1248,13.1,1.7,2908,846,3.9,1.1,1139,714,1.5,0.9,269,141,0.4,0.2,894,381,1.2,0.5,2,4,0.0,0.1,74993,1909,74993,(X),20390,1130,27.2,1.4
3,8600000US10003,ZCTA5 10003,54682,1754,54682,(X),53420,1729,97.7,0.5,1262,293,2.3,0.5,53420,1729,97.7,0.5,41511,1553,75.9,2.3,3178,1033,5.8,1.8,88,64,0.2,0.1,7373,731,13.5,1.3,55,75,0.1,0.1,1215,582,2.2,1.1,1262,293,2.3,0.5,230,126,0.4,0.2,0,28,0.0,0.1,543,208,1.0,0.4,0,28,0.0,0.1,54682,1754,54682,(X),4506,844,8.2,1.5
4,8600000US10004,ZCTA5 10004,3028,442,3028,(X),2932,430,96.8,1.8,96,57,3.2,1.8,2932,430,96.8,1.8,1902,364,62.8,8.0,51,49,1.7,1.7,0,12,0.0,1.1,922,288,30.4,8.1,17,27,0.6,0.9,40,47,1.3,1.6,96,57,3.2,1.8,16,27,0.5,0.9,5,5,0.2,0.2,74,63,2.4,2.0,0,12,0.0,1.1,3028,442,3028,(X),112,71,3.7,2.4
5,8600000US10005,ZCTA5 10005,8831,762,8831,(X),8408,697,95.2,2.4,423,220,4.8,2.4,8408,697,95.2,2.4,6484,739,73.4,6.0,221,185,2.5,2.0,0,17,0.0,0.4,1497,483,17.0,5.6,0,17,0.0,0.4,206,179,2.3,2.0,423,220,4.8,2.4,0,17,0.0,0.4,12,19,0.1,0.2,285,176,3.2,1.9,0,17,0.0,0.4,8831,762,8831,(X),608,319,6.9,3.4
6,8600000US10006,ZCTA5 10006,3454,410,3454,(X),3269,396,94.6,2.8,185,100,5.4,2.8,3269,396,94.6,2.8,2411,327,69.8,7.3,36,42,1.0,1.2,0,12,0.0,0.9,687,250,19.9,6.5,0,12,0.0,0.9,135,155,3.9,4.4,185,100,5.4,2.8,16,26,0.5,0.7,0,12,0.0,0.9,95,76,2.8,2.2,0,12,0.0,0.9,3454,410,3454,(X),414,212,12.0,5.9
7,8600000US10007,ZCTA5 10007,7023,824,7023,(X),6718,804,95.7,2.6,305,185,4.3,2.6,6718,804,95.7,2.6,5421,685,77.2,4.3,332,159,4.7,2.0,0,17,0.0,0.5,826,280,11.8,3.9,0,17,0.0,0.5,139,82,2.0,1.1,305,185,4.3,2.6,0,17,0.0,0.5,0,17,0.0,0.5,224,164,3.2,2.3,0,17,0.0,0.5,7023,824,7023,(X),580,198,8.3,2.7
8,8600000US10009,ZCTA5 10009,57925,1823,57925,(X),55855,1786,96.4,0.9,2070,526,3.6,0.9,55855,1786,96.4,0.9,35817,1528,61.8,2.0,5431,1036,9.4,1.7,71,59,0.1,0.1,7512,1008,13.0,1.7,0,28,0.0,0.1,7024,984,12.1,1.7,2070,526,3.6,0.9,612,267,1.1,0.5,65,54,0.1,0.1,731,302,1.3,0.5,68,70,0.1,0.1,57925,1823,57925,(X),14347,1215,24.8,1.9
9,8600000US10010,ZCTA5 10010,33730,2033,33730,(X),32992,2041,97.8,0.8,738,255,2.2,0.8,32992,2041,97.8,0.8,24684,1944,73.2,2.7,1784,471,5.3,1.4,230,262,0.7,0.8,5859,835,17.4,2.5,0,25,0.0,0.1,435,227,1.3,0.7,738,255,2.2,0.8,183,209,0.5,0.6,35,59,0.1,0.2,282,132,0.8,0.4,23,32,0.1,0.1,33730,2033,33730,(X),3703,936,11.0,2.7
10,8600000US10011,ZCTA5 10011,50472,1901,50472,(X),48716,1889,96.5,0.8,1756,403,3.5,0.8,48716,1889,96.5,0.8,40331,1805,79.9,2.3,2819,714,5.6,1.4,56,68,0.1,0.1,4627,842,9.2,1.6,5,9,0.0,0.1,878,325,1.7,0.6,1756,403,3.5,0.8,544,277,1.1,0.5,126,124,0.2,0.2,787,259,1.6,0.5,123,126,0.2,0.3,50472,1901,50472,(X),5704,904,11.3,1.7
11,8600000US10012,ZCTA5 10012,23411,989,23411,(X),22413,990,95.7,1.4,998,338,4.3,1.4,22413,990,95.7,1.4,17411,837,74.4,3.0,651,309,2.8,1.3,42,45,0.2,0.2,4055,678,17.3,2.6,0,22,0.0,0.1,254,146,1.1,0.6,998,338,4.3,1.4,143,121,0.6,0.5,110,97,0.5,0.4,527,182,2.3,0.8,0,22,0.0,0.1,23411,989,23411,(X),1494,357,6.4,1.5
12,8600000US10013,ZCTA5 10013,28709,1287,28709,(X),27467,1274,95.7,1.1,1242,327,4.3,1.1,27467,1274,95.7,1.1,15961,1138,55.6,3.1,1260,316,4.4,1.1,62,66,0.2,0.2,9558,968,33.3,3.0,0,22,0.0,0.1,626,310,2.2,1.1,1242,327,4.3,1.1,71,59,0.2,0.2,47,77,0.2,0.3,767,243,2.7,0.9,98,140,0.3,0.5,28709,1287,28709,(X),1728,475,6.0,1.6
13,8600000US10014,ZCTA5 10014,30738,1304,30738,(X),29862,1327,97.2,0.9,876,270,2.8,0.9,29862,1327,97.2,0.9,27314,1236,88.9,1.5,336,151,1.1,0.5,25,41,0.1,0.1,1766,436,5.7,1.4,0,25,0.0,0.1,421,251,1.4,0.8,876,270,2.8,0.9,68,54,0.2,0.2,54,67,0.2,0.2,532,209,1.7,0.7,0,25,0.0,0.1,30738,1304,30738,(X),2047,436,6.7,1.4
14,8600000US10016,ZCTA5 10016,51057,2315,51057,(X),49373,2118,96.7,1.2,1684,651,3.3,1.2,49373,2118,96.7,1.2,36727,1956,71.9,3.1,1929,624,3.8,1.2,66,67,0.1,0.1,9858,1486,19.3,2.7,19,31,0.0,0.1,774,383,1.5,0.7,1684,651,3.3,1.2,270,225,0.5,0.4,58,66,0.1,0.1,587,319,1.1,0.6,98,121,0.2,0.2,51057,2315,51057,(X),3543,656,6.9,1.3
15,8600000US10017,ZCTA5 10017,15801,1198,15801,(X),15486,1198,98.0,1.1,315,181,2.0,1.1,15486,1198,98.0,1.1,11683,1155,73.9,4.9,370,196,2.3,1.2,0,19,0.0,0.2,3352,812,21.2,4.7,0,19,0.0,0.2,81,73,0.5,0.5,315,181,2.0,1.1,43,57,0.3,0.4,21,25,0.1,0.2,186,136,1.2,0.9,0,19,0.0,0.2,15801,1198,15801,(X),932,332,5.9,2.1
16,8600000US10018,ZCTA5 10018,9687,739,9687,(X),9337,731,96.4,1.4,350,134,3.6,1.4,9337,731,96.4,1.4,5791,590,59.8,4.5,466,160,4.8,1.6,1,2,0.0,0.1,2897,494,29.9,4.3,0,17,0.0,0.3,182,165,1.9,1.7,350,134,3.6,1.4,59,66,0.6,0.7,5,8,0.1,0.1,160,81,1.7,0.8,0,17,0.0,0.3,9687,739,9687,(X),1471,430,15.2,3.9
17,8600000US10019,ZCTA5 10019,43703,1809,43703,(X),42214,1676,96.6,0.8,1489,383,3.4,0.8,42214,1676,96.6,0.8,29663,1501,67.9,2.7,2553,780,5.8,1.7,362,461,0.8,1.0,7596,907,17.4,2.0,74,61,0.2,0.1,1966,611,4.5,1.4,1489,383,3.4,0.8,382,198,0.9,0.4,77,153,0.2,0.3,478,201,1.1,0.5,57,68,0.1,0.2,43703,1809,43703,(X),7328,1051,16.8,2.2
18,8600000US10020,ZCTA5 10020,0,12,0,(X),0,12,-,**,0,12,-,**,0,12,-,**,0,12,-,**,0,12,-,**,0,12,-,**,0,12,-,**,0,12,-,**,0,12,-,**,0,12,-,**,0,12,-,**,0,12,-,**,0,12,-,**,0,12,-,**,0,12,0,(X),0,12,-,**
19,8600000US10021,ZCTA5 10021,46215,2515,46215,(X),45037,2523,97.5,0.7,1178,305,2.5,0.7,45037,2523,97.5,0.7,38017,1976,82.3,3.3,420,209,0.9,0.5,158,211,0.3,0.5,4333,1178,9.4,2.5,40,71,0.1,0.2,2069,1673,4.5,3.5,1178,305,2.5,0.7,141,121,0.3,0.3,83,88,0.2,0.2,654,293,1.4,0.6,9,15,0.0,0.1,46215,2515,46215,(X),3664,1726,7.9,3.5
20,8600000US10022,ZCTA5 10022,31125,1605,31125,(X),30490,1575,98.0,1.1,635,356,2.0,1.1,30490,1575,98.0,1.1,26028,1633,83.6,3.0,448,214,1.4,0.7,62,57,0.2,0.2,3801,741,12.2,2.3,0,25,0.0,0.1,151,90,0.5,0.3,635,356,2.0,1.1,18,23,0.1,0.1,53,51,0.2,0.2,244,161,0.8,0.5,0,25,0.0,0.1,31125,1605,31125,(X),1686,497,5.4,1.5
21,8600000US10023,ZCTA5 10023,62435,2238,62435,(X),61137,2275,97.9,0.7,1298,408,2.1,0.7,61137,2275,97.9,0.7,49795,2153,79.8,2.2,2610,622,4.2,1.0,48,53,0.1,0.1,6637,899,10.6,1.4,0,28,0.0,0.1,2047,723,3.3,1.1,1298,408,2.1,0.7,232,234,0.4,0.4,0,28,0.0,0.1,796,274,1.3,0.4,87,122,0.1,0.2,62435,2238,62435,(X),6562,950,10.5,1.4
22,8600000US10024,ZCTA5 10024,59001,2167,59001,(X),57343,2063,97.2,1.1,1658,659,2.8,1.1,57343,2063,97.2,1.1,49026,1968,83.1,1.9,2287,662,3.9,1.1,173,231,0.3,0.4,4274,669,7.2,1.1,0,28,0.0,0.1,1583,544,2.7,0.9,1658,659,2.8,1.1,94,80,0.2,0.1,122,170,0.2,0.3,670,329,1.1,0.6,33,46,0.1,0.1,59001,2167,59001,(X),6420,1192,10.9,1.9
23,8600000US10025,ZCTA5 10025,92805,2628,92805,(X),88542,2687,95.4,1.1,4263,1006,4.6,1.1,88542,2687,95.4,1.1,59985,2452,64.6,2.3,11737,1897,12.6,1.9,606,750,0.7,0.8,8271,1217,8.9,1.3,14,19,0.0,0.1,7929,1350,8.5,1.4,4263,1006,4.6,1.1,1297,573,1.4,0.6,158,111,0.2,0.1,1019,358,1.1,0.4,461,543,0.5,0.6,92805,2628,92805,(X),21736,2012,23.4,2.0
24,8600000US10026,ZCTA5 10026,39363,1749,39363,(X),37559,1881,95.4,1.3,1804,486,4.6,1.3,37559,1881,95.4,1.3,10410,1095,26.4,2.6,21023,1623,53.4,2.8,86,82,0.2,0.2,2308,498,5.9,1.2,29,46,0.1,0.1,3703,664,9.4,1.7,1804,486,4.6,1.3,530,256,1.3,0.7,6,12,0.0,0.1,319,147,0.8,0.4,52,61,0.1,0.2,39363,1749,39363,(X),8389,934,21.3,2.0
25,8600000US10027,ZCTA5 10027,64548,1947,64548,(X),61807,1991,95.8,0.8,2741,531,4.2,0.8,61807,1991,95.8,0.8,19706,1186,30.5,1.8,25484,1695,39.5,2.2,261,213,0.4,0.3,6163,780,9.5,1.2,5,10,0.0,0.1,10188,1309,15.8,1.9,2741,531,4.2,0.8,718,274,1.1,0.4,185,121,0.3,0.2,601,248,0.9,0.4,95,73,0.1,0.1,64548,1947,64548,(X),16427,1249,25.4,1.7
26,8600000US10028,ZCTA5 10028,47793,2139,47793,(X),46894,2118,98.1,0.8,899,400,1.9,0.8,46894,2118,98.1,0.8,41217,2182,86.2,2.8,604,354,1.3,0.7,10,15,0.0,0.1,4607,1001,9.6,2.0,0,25,0.0,0.1,456,333,1.0,0.7,899,400,1.9,0.8,270,284,0.6,0.6,0,25,0.0,0.1,469,196,1.0,0.4,0,25,0.0,0.1,47793,2139,47793,(X),3533,690,7.4,1.4
27,8600000US10029,ZCTA5 10029,79597,2299,79597,(X),77132,2377,96.9,0.7,2465,569,3.1,0.7,77132,2377,96.9,0.7,26896,1716,33.8,1.9,24699,1904,31.0,2.3,493,261,0.6,0.3,7534,800,9.5,1.0,97,106,0.1,0.1,17413,1834,21.9,2.1,2465,569,3.1,0.7,427,160,0.5,0.2,254,169,0.3,0.2,385,156,0.5,0.2,33,41,0.0,0.1,79597,2299,79597,(X),38122,2030,47.9,1.9
28,8600000US10030,ZCTA5 10030,29882,1700,29882,(X),27998,1777,93.7,2.0,1884,602,6.3,2.0,27998,1777,93.7,2.0,5038,723,16.9,2.3,18842,1334,63.1,3.1,21,32,0.1,0.1,617,271,2.1,0.9,123,185,0.4,0.6,3357,907,11.2,2.7,1884,602,6.3,2.0,697,312,2.3,1.0,62,51,0.2,0.2,55,65,0.2,0.2,96,80,0.3,0.3,29882,1700,29882,(X),7655,1412,25.6,3.9
29,8600000US10031,ZCTA5 10031,60254,2086,60254,(X),50101,2183,83.1,2.4,10153,1539,16.9,2.4,50101,2183,83.1,2.4,17917,1501,29.7,2.6,17982,1793,29.8,2.7,168,131,0.3,0.2,2380,624,3.9,1.0,74,110,0.1,0.2,11580,2063,19.2,3.3,10153,1539,16.9,2.4,7692,1389,12.8,2.2,200,160,0.3,0.3,601,313,1.0,0.5,293,236,0.5,0.4,60254,2086,60254,(X),30955,1990,51.4,2.6
30,8600000US10032,ZCTA5 10032,64264,2217,64264,(X),57022,2552,88.7,2.9,7242,1912,11.3,2.9,57022,2552,88.7,2.9,19122,1805,29.8,2.9,12373,1389,19.3,2.1,476,311,0.7,0.5,3029,589,4.7,0.9,83,94,0.1,0.1,21939,2277,34.1,3.1,7242,1912,11.3,2.9,920,506,1.4,0.8,1096,1102,1.7,1.7,215,112,0.3,0.2,393,422,0.6,0.7,64264,2217,64264,(X),42594,2219,66.3,2.2
31,8600000US10033,ZCTA5 10033,59607,2225,59607,(X),53882,2324,90.4,2.0,5725,1209,9.6,2.0,53882,2324,90.4,2.0,24141,1455,40.5,2.5,6195,1035,10.4,1.7,887,457,1.5,0.8,1316,309,2.2,0.5,0,28,0.0,0.1,21343,2248,35.8,3.2,5725,1209,9.6,2.0,1443,661,2.4,1.1,12,18,0.0,0.1,280,124,0.5,0.2,59,94,0.1,0.2,59607,2225,59607,(X),40842,2276,68.5,2.0
32,8600000US10034,ZCTA5 10034,42910,1744,42910,(X),40752,1743,95.0,1.2,2158,508,5.0,1.2,40752,1743,95.0,1.2,16463,1345,38.4,3.2,4965,925,11.6,2.2,191,143,0.4,0.3,1319,526,3.1,1.2,103,110,0.2,0.3,17711,1941,41.3,3.9,2158,508,5.0,1.2,752,266,1.8,0.6,57,67,0.1,0.2,184,91,0.4,0.2,37,32,0.1,0.1,42910,1744,42910,(X),29925,1714,69.7,2.2
33,8600000US10035,ZCTA5 10035,35743,1629,35743,(X),33987,1578,95.1,1.5,1756,537,4.9,1.5,33987,1578,95.1,1.5,7246,885,20.3,2.5,14580,1137,40.8,2.6,310,222,0.9,0.6,1755,462,4.9,1.3,36,55,0.1,0.2,10060,1431,28.1,3.5,1756,537,4.9,1.5,338,205,0.9,0.6,99,88,0.3,0.2,356,296,1.0,0.8,62,69,0.2,0.2,35743,1629,35743,(X),15935,1295,44.6,3.0
34,8600000US10036,ZCTA5 10036,27428,1520,27428,(X),26713,1487,97.4,1.2,715,325,2.6,1.2,26713,1487,97.4,1.2,17319,1408,63.1,4.1,1978,374,7.2,1.3,137,161,0.5,0.6,5218,819,19.0,2.7,12,19,0.0,0.1,2049,881,7.5,3.2,715,325,2.6,1.2,163,102,0.6,0.4,0,22,0.0,0.1,185,139,0.7,0.5,0,22,0.0,0.1,27428,1520,27428,(X),5908,1001,21.5,3.4
35,8600000US10037,ZCTA5 10037,21139,1274,21139,(X),19976,1300,94.5,1.9,1163,407,5.5,1.9,19976,1300,94.5,1.9,2291,485,10.8,2.1,15206,1198,71.9,3.1,5,12,0.0,0.1,528,177,2.5,0.9,26,32,0.1,0.2,1920,611,9.1,2.9,1163,407,5.5,1.9,298,167,1.4,0.8,25,37,0.1,0.2,61,52,0.3,0.2,67,65,0.3,0.3,21139,1274,21139,(X),4517,611,21.4,2.7
36,8600000US10038,ZCTA5 10038,22800,1114,22800,(X),21926,1107,96.2,1.3,874,304,3.8,1.3,21926,1107,96.2,1.3,11784,869,51.7,3.1,2128,505,9.3,2.1,49,63,0.2,0.3,7249,744,31.8,2.9,0,22,0.0,0.1,716,249,3.1,1.1,874,304,3.8,1.3,280,240,1.2,1.1,78,64,0.3,0.3,341,147,1.5,0.6,48,77,0.2,0.3,22800,1114,22800,(X),3218,513,14.1,2.3
37,8600000US10039,ZCTA5 10039,27726,1517,27726,(X),26338,1453,95.0,2.1,1388,584,5.0,2.1,26338,1453,95.0,2.1,3625,848,13.1,3.0,17158,1287,61.9,4.0,158,120,0.6,0.4,452,152,1.6,0.6,11,24,0.0,0.1,4934,1215,17.8,4.1,1388,584,5.0,2.1,548,462,2.0,1.6,0,22,0.0,0.1,37,32,0.1,0.1,487,330,1.8,1.2,27726,1517,27726,(X),9378,1190,33.8,3.6
38,8600000US10040,ZCTA5 10040,44571,1936,44571,(X),41402,1913,92.9,1.9,3169,871,7.1,1.9,41402,1913,92.9,1.9,16091,1159,36.1,2.5,4359,707,9.8,1.6,554,339,1.2,0.8,1355,317,3.0,0.7,0,25,0.0,0.1,19043,1625,42.7,2.7,3169,871,7.1,1.9,1447,751,3.2,1.7,115,120,0.3,0.3,168,103,0.4,0.2,0,25,0.0,0.1,44571,1936,44571,(X),30968,1996,69.5,2.1
39,8600000US10044,ZCTA5 10044,11682,825,11682,(X),11204,824,95.9,2.0,478,235,4.1,2.0,11204,824,95.9,2.0,5320,645,45.5,4.8,1420,356,12.2,3.0,0,19,0.0,0.3,3963,642,33.9,5.0,0,19,0.0,0.3,501,267,4.3,2.2,478,235,4.1,2.0,42,53,0.4,0.5,26,31,0.2,0.3,253,184,2.2,1.6,0,19,0.0,0.3,11682,825,11682,(X),1553,364,13.3,2.8
40,8600000US10065,ZCTA5 10065,28109,1660,28109,(X),27761,1697,98.8,0.6,348,160,1.2,0.6,27761,1697,98.8,0.6,24285,1502,86.4,2.4,619,323,2.2,1.1,37,46,0.1,0.2,2666,600,9.5,2.0,0,22,0.0,0.1,154,82,0.5,0.3,348,160,1.2,0.6,30,50,0.1,0.2,29,47,0.1,0.2,253,135,0.9,0.5,0,22,0.0,0.1,28109,1660,28109,(X),1849,516,6.6,1.8
41,8600000US10115,ZCTA5 10115,0,12,0,(X),0,12,-,**,0,12,-,**,0,12,-,**,0,12,-,**,0,12,-,**,0,12,-,**,0,12,-,**,0,12,-,**,0,12,-,**,0,12,-,**,0,12,-,**,0,12,-,**,0,12,-,**,0,12,-,**,0,12,0,(X),0,12,-,**
42,8600000US10119,ZCTA5 10119,0,12,0,(X),0,12,-,**,0,12,-,**,0,12,-,**,0,12,-,**,0,12,-,**,0,12,-,**,0,12,-,**,0,12,-,**,0,12,-,**,0,12,-,**,0,12,-,**,0,12,-,**,0,12,-,**,0,12,-,**,0,12,0,(X),0,12,-,**
43,8600000US10128,ZCTA5 10128,59256,1931,59256,(X),56859,1941,96.0,1.1,2397,656,4.0,1.1,56859,1941,96.0,1.1,47167,1902,79.6,2.2,2182,538,3.7,0.9,0,28,0.0,0.1,5844,938,9.9,1.5,0,28,0.0,0.1,1666,619,2.8,1.0,2397,656,4.0,1.1,466,202,0.8,0.3,83,57,0.1,0.1,1122,427,1.9,0.7,0,28,0.0,0.1,59256,1931,59256,(X),7307,995,12.3,1.6
44,8600000US10154,ZCTA5 10154,0,12,0,(X),0,12,-,**,0,12,-,**,0,12,-,**,0,12,-,**,0,12,-,**,0,12,-,**,0,12,-,**,0,12,-,**,0,12,-,**,0,12,-,**,0,12,-,**,0,12,-,**,0,12,-,**,0,12,-,**,0,12,0,(X),0,12,-,**
45,8600000US10278,ZCTA5 10278,0,12,0,(X),0,12,-,**,0,12,-,**,0,12,-,**,0,12,-,**,0,12,-,**,0,12,-,**,0,12,-,**,0,12,-,**,0,12,-,**,0,12,-,**,0,12,-,**,0,12,-,**,0,12,-,**,0,12,-,**,0,12,0,(X),0,12,-,**
46,8600000US10280,ZCTA5 10280,9384,795,9384,(X),9095,750,96.9,2.1,289,208,3.1,2.1,9095,750,96.9,2.1,7360,652,78.4,4.2,184,124,2.0,1.3,0,17,0.0,0.3,1474,368,15.7,3.5,0,17,0.0,0.3,77,102,0.8,1.1,289,208,3.1,2.1,129,190,1.4,2.0,0,17,0.0,0.3,70,49,0.7,0.5,0,17,0.0,0.3,9384,795,9384,(X),826,304,8.8,3.1
47,8600000US10301,ZCTA5 10301,38733,1387,38733,(X),36346,1385,93.8,2.7,2387,1083,6.2,2.7,36346,1385,93.8,2.7,22280,1405,57.5,3.2,9668,969,25.0,2.5,39,42,0.1,0.1,2351,500,6.1,1.3,11,17,0.0,0.1,1997,606,5.2,1.6,2387,1083,6.2,2.7,1643,1011,4.2,2.6,94,66,0.2,0.2,78,45,0.2,0.1,77,57,0.2,0.1,38733,1387,38733,(X),9591,1097,24.8,2.6
48,8600000US10302,ZCTA5 10302,18204,988,18204,(X),17671,910,97.1,1.1,533,205,2.9,1.1,17671,910,97.1,1.1,11286,855,62.0,3.8,3754,616,20.6,3.3,212,231,1.2,1.3,1335,340,7.3,1.8,1,2,0.0,0.1,1083,392,5.9,2.1,533,205,2.9,1.1,132,96,0.7,0.5,8,14,0.0,0.1,125,116,0.7,0.6,12,19,0.1,0.1,18204,988,18204,(X),7479,975,41.1,4.2
49,8600000US10303,ZCTA5 10303,25947,1488,25947,(X),25065,1485,96.6,1.0,882,255,3.4,1.0,25065,1485,96.6,1.0,11406,1243,44.0,3.6,9170,1002,35.3,3.5,126,88,0.5,0.3,2106,462,8.1,1.8,0,22,0.0,0.1,2257,679,8.7,2.6,882,255,3.4,1.0,312,191,1.2,0.7,15,19,0.1,0.1,80,61,0.3,0.2,9,14,0.0,0.1,25947,1488,25947,(X),10103,1176,38.9,3.6
50,8600000US10304,ZCTA5 10304,41064,2097,41064,(X),40033,2102,97.5,1.0,1031,402,2.5,1.0,40033,2102,97.5,1.0,21403,1669,52.1,3.2,11277,1396,27.5,2.9,99,134,0.2,0.3,3969,575,9.7,1.3,26,29,0.1,0.1,3259,935,7.9,2.2,1031,402,2.5,1.0,251,203,0.6,0.5,16,25,0.0,0.1,219,259,0.5,0.6,93,120,0.2,0.3,41064,2097,41064,(X),10363,1373,25.2,2.9
51,8600000US10305,ZCTA5 10305,42298,1618,42298,(X),41293,1557,97.6,0.9,1005,369,2.4,0.9,41293,1557,97.6,0.9,31174,1196,73.7,2.7,2770,698,6.5,1.6,189,158,0.4,0.4,5509,870,13.0,1.9,0,25,0.0,0.1,1651,616,3.9,1.4,1005,369,2.4,0.9,267,173,0.6,0.4,172,217,0.4,0.5,263,184,0.6,0.4,11,25,0.0,0.1,42298,1618,42298,(X),6920,1073,16.4,2.3
52,8600000US10306,ZCTA5 10306,53142,1630,53142,(X),51790,1653,97.5,0.9,1352,492,2.5,0.9,51790,1653,97.5,0.9,45560,1545,85.7,2.3,1775,715,3.3,1.3,36,50,0.1,0.1,3141,773,5.9,1.4,0,28,0.0,0.1,1278,446,2.4,0.8,1352,492,2.5,0.9,543,312,1.0,0.6,72,85,0.1,0.2,294,203,0.6,0.4,15,23,0.0,0.1,53142,1630,53142,(X),7815,1153,14.7,2.0
53,8600000US10307,ZCTA5 10307,15232,756,15232,(X),15143,742,99.4,0.7,89,106,0.6,0.7,15143,742,99.4,0.7,14284,779,93.8,2.7,56,58,0.4,0.4,19,29,0.1,0.2,418,210,2.7,1.4,0,19,0.0,0.2,366,362,2.4,2.4,89,106,0.6,0.7,0,19,0.0,0.2,35,65,0.2,0.4,54,73,0.4,0.5,0,19,0.0,0.2,15232,756,15232,(X),1399,461,9.2,2.9
54,8600000US10309,ZCTA5 10309,33531,1561,33531,(X),33286,1563,99.3,0.3,245,116,0.7,0.3,33286,1563,99.3,0.3,30789,1591,91.8,1.9,293,239,0.9,0.7,173,138,0.5,0.4,1206,315,3.6,0.9,0,25,0.0,0.1,825,465,2.5,1.4,245,116,0.7,0.3,0,25,0.0,0.1,132,91,0.4,0.3,33,51,0.1,0.2,0,25,0.0,0.1,33531,1561,33531,(X),3107,627,9.3,1.8
55,8600000US10310,ZCTA5 10310,23262,1146,23262,(X),22320,1108,96.0,1.3,942,311,4.0,1.3,22320,1108,96.0,1.3,13731,707,59.0,3.1,4844,683,20.8,2.6,16,18,0.1,0.1,1459,298,6.3,1.3,0,22,0.0,0.1,2270,845,9.8,3.4,942,311,4.0,1.3,327,182,1.4,0.8,65,63,0.3,0.3,141,105,0.6,0.5,58,51,0.2,0.2,23262,1146,23262,(X),7351,929,31.6,3.2
56,8600000US10312,ZCTA5 10312,61741,1656,61741,(X),60976,1687,98.8,0.4,765,262,1.2,0.4,60976,1687,98.8,0.4,56226,1788,91.1,1.2,793,356,1.3,0.6,12,21,0.0,0.1,3364,499,5.4,0.8,59,64,0.1,0.1,522,231,0.8,0.4,765,262,1.2,0.4,184,147,0.3,0.2,37,49,0.1,0.1,367,170,0.6,0.3,10,15,0.0,0.1,61741,1656,61741,(X),6234,887,10.1,1.4
57,8600000US10314,ZCTA5 10314,90761,1933,90761,(X),88404,2032,97.4,0.6,2357,569,2.6,0.6,88404,2032,97.4,0.6,66310,2084,73.1,1.4,3852,654,4.2,0.7,109,100,0.1,0.1,15049,1107,16.6,1.2,76,91,0.1,0.1,3008,769,3.3,0.9,2357,569,2.6,0.6,413,206,0.5,0.2,112,87,0.1,0.1,813,388,0.9,0.4,0,28,0.0,0.1,90761,1933,90761,(X),13726,1124,15.1,1.1
58,8600000US10451,ZCTA5 10451,47798,1915,47798,(X),45848,2046,95.9,1.3,1950,593,4.1,1.3,45848,2046,95.9,1.3,5972,1132,12.5,2.3,19379,1746,40.5,3.1,107,73,0.2,0.2,557,220,1.2,0.5,96,129,0.2,0.3,19737,1806,41.3,3.5,1950,593,4.1,1.3,418,183,0.9,0.4,127,124,0.3,0.3,72,81,0.2,0.2,217,183,0.5,0.4,47798,1915,47798,(X),28236,1672,59.1,2.6
59,8600000US10452,ZCTA5 10452,76078,1927,76078,(X),72567,2008,95.4,1.0,3511,740,4.6,1.0,72567,2008,95.4,1.0,9592,1217,12.6,1.6,25249,1625,33.2,2.0,285,145,0.4,0.2,1107,298,1.5,0.4,171,232,0.2,0.3,36163,2210,47.5,2.6,3511,740,4.6,1.0,1480,582,1.9,0.8,126,104,0.2,0.1,269,310,0.4,0.4,106,81,0.1,0.1,76078,1927,76078,(X),51823,2221,68.1,2.2
60,8600000US10453,ZCTA5 10453,79606,1822,79606,(X),77525,1835,97.4,0.6,2081,493,2.6,0.6,77525,1835,97.4,0.6,6841,984,8.6,1.2,25826,1562,32.4,2.0,416,199,0.5,0.3,1044,359,1.3,0.5,0,28,0.0,0.1,43398,2217,54.5,2.2,2081,493,2.6,0.6,575,243,0.7,0.3,18,22,0.0,0.1,313,273,0.4,0.3,151,134,0.2,0.2,79606,1822,79606,(X),55051,2182,69.2,2.0
61,8600000US10454,ZCTA5 10454,38203,1531,38203,(X),37106,1595,97.1,1.0,1097,379,2.9,1.0,37106,1595,97.1,1.0,5040,694,13.2,1.8,12109,1238,31.7,3.0,310,188,0.8,0.5,184,109,0.5,0.3,20,35,0.1,0.1,19443,1442,50.9,2.9,1097,379,2.9,1.0,355,200,0.9,0.5,0,25,0.0,0.1,8,12,0.0,0.1,26,30,0.1,0.1,38203,1531,38203,(X),25956,1390,67.9,2.4
62,8600000US10455,ZCTA5 10455,42283,1979,42283,(X),41029,1918,97.0,0.8,1254,364,3.0,0.8,41029,1918,97.0,0.8,5221,796,12.3,1.9,12809,1162,30.3,3.0,352,194,0.8,0.5,542,358,1.3,0.8,156,151,0.4,0.4,21949,2021,51.9,3.3,1254,364,3.0,0.8,251,123,0.6,0.3,11,19,0.0,0.1,61,70,0.1,0.2,125,127,0.3,0.3,42283,1979,42283,(X),30372,2005,71.8,2.6
63,8600000US10456,ZCTA5 10456,94218,2526,94218,(X),91192,2596,96.8,0.7,3026,692,3.2,0.7,91192,2596,96.8,0.7,10146,1186,10.8,1.3,40069,2438,42.5,2.4,1311,535,1.4,0.6,809,372,0.9,0.4,130,205,0.1,0.2,38727,2707,41.1,2.5,3026,692,3.2,0.7,921,384,1.0,0.4,66,88,0.1,0.1,228,233,0.2,0.2,185,121,0.2,0.1,94218,2526,94218,(X),57971,2329,61.5,1.7
64,8600000US10457,ZCTA5 10457,74554,2207,74554,(X),72103,2237,96.7,0.7,2451,504,3.3,0.7,72103,2237,96.7,0.7,11452,1249,15.4,1.7,29962,1722,40.2,2.2,332,168,0.4,0.2,702,266,0.9,0.4,61,74,0.1,0.1,29594,2225,39.7,2.4,2451,504,3.3,0.7,614,224,0.8,0.3,155,210,0.2,0.3,59,57,0.1,0.1,120,115,0.2,0.2,74554,2207,74554,(X),49630,2124,66.6,1.8
65,8600000US10458,ZCTA5 10458,83960,2336,83960,(X),80492,2326,95.9,0.9,3468,766,4.1,0.9,80492,2326,95.9,0.9,14887,1433,17.7,1.6,16690,1330,19.9,1.6,310,161,0.4,0.2,2479,468,3.0,0.6,31,49,0.0,0.1,46095,2303,54.9,2.0,3468,766,4.1,0.9,809,294,1.0,0.4,31,40,0.0,0.1,414,242,0.5,0.3,66,52,0.1,0.1,83960,2336,83960,(X),58563,2207,69.8,1.5
66,8600000US10459,ZCTA5 10459,48351,1780,48351,(X),46886,1701,97.0,0.7,1465,354,3.0,0.7,46886,1701,97.0,0.7,5615,706,11.6,1.5,16650,1270,34.4,2.4,255,130,0.5,0.3,377,172,0.8,0.4,30,45,0.1,0.1,23959,1640,49.6,2.6,1465,354,3.0,0.7,361,169,0.7,0.4,107,78,0.2,0.2,15,21,0.0,0.1,116,76,0.2,0.2,48351,1780,48351,(X),32830,1784,67.9,2.4
67,8600000US10460,ZCTA5 10460,59505,1948,59505,(X),57822,1917,97.2,0.8,1683,500,2.8,0.8,57822,1917,97.2,0.8,9370,1100,15.7,1.8,18035,1638,30.3,2.3,168,127,0.3,0.2,945,325,1.6,0.5,106,123,0.2,0.2,29198,1735,49.1,2.8,1683,500,2.8,0.8,405,270,0.7,0.5,76,116,0.1,0.2,8,11,0.0,0.1,112,104,0.2,0.2,59505,1948,59505,(X),41359,1615,69.5,2.3
68,8600000US10461,ZCTA5 10461,50348,1808,50348,(X),48189,1776,95.7,1.0,2159,492,4.3,1.0,48189,1776,95.7,1.0,24270,1336,48.2,2.6,4714,768,9.4,1.4,250,156,0.5,0.3,5600,754,11.1,1.4,43,48,0.1,0.1,13312,1377,26.4,2.5,2159,492,4.3,1.0,457,224,0.9,0.4,26,30,0.1,0.1,162,100,0.3,0.2,22,33,0.0,0.1,50348,1808,50348,(X),23466,1385,46.6,1.7
69,8600000US10462,ZCTA5 10462,76756,1984,76756,(X),72715,2094,94.7,1.0,4041,763,5.3,1.0,72715,2094,94.7,1.0,17796,1162,23.2,1.5,21705,1474,28.3,1.8,714,306,0.9,0.4,9683,1078,12.6,1.4,19,31,0.0,0.1,22798,1818,29.7,2.0,4041,763,5.3,1.0,730,213,1.0,0.3,30,24,0.0,0.1,571,441,0.7,0.6,218,168,0.3,0.2,76756,1984,76756,(X),36483,1820,47.5,1.8
70,8600000US10463,ZCTA5 10463,71360,2051,71360,(X),66911,1999,93.8,1.0,4449,769,6.2,1.0,66911,1999,93.8,1.0,32109,1595,45.0,2.0,10764,1319,15.1,1.8,422,257,0.6,0.4,2665,419,3.7,0.6,51,60,0.1,0.1,20900,2021,29.3,2.6,4449,769,6.2,1.0,1283,451,1.8,0.6,335,335,0.5,0.5,369,165,0.5,0.2,153,135,0.2,0.2,71360,2051,71360,(X),36472,1968,51.1,2.0
71,8600000US10464,ZCTA5 10464,4434,610,4434,(X),4256,616,96.0,4.5,178,202,4.0,4.5,4256,616,96.0,4.5,3495,538,78.8,8.8,119,64,2.7,1.5,0,12,0.0,0.7,245,265,5.5,5.7,0,12,0.0,0.7,397,303,9.0,6.5,178,202,4.0,4.5,0,12,0.0,0.7,0,12,0.0,0.7,13,18,0.3,0.4,0,12,0.0,0.7,4434,610,4434,(X),1117,443,25.2,8.1
72,8600000US10465,ZCTA5 10465,44205,1512,44205,(X),43023,1480,97.3,0.7,1182,304,2.7,0.7,43023,1480,97.3,0.7,26656,1088,60.3,2.7,5638,1087,12.8,2.4,43,63,0.1,0.1,1373,393,3.1,0.9,7,16,0.0,0.1,9306,1255,21.1,2.5,1182,304,2.7,0.7,316,169,0.7,0.4,59,63,0.1,0.1,102,74,0.2,0.2,74,75,0.2,0.2,44205,1512,44205,(X),19568,1463,44.3,2.4
73,8600000US10466,ZCTA5 10466,72479,1791,72479,(X),70526,1771,97.3,0.7,1953,527,2.7,0.7,70526,1771,97.3,0.7,8034,1106,11.1,1.5,52974,1982,73.1,1.8,687,383,0.9,0.5,2183,615,3.0,0.8,42,49,0.1,0.1,6606,1032,9.1,1.5,1953,527,2.7,0.7,473,264,0.7,0.4,255,224,0.4,0.3,31,37,0.0,0.1,185,115,0.3,0.2,72479,1791,72479,(X),15971,1125,22.0,1.6
74,8600000US10467,ZCTA5 10467,103732,2572,103732,(X),99544,2488,96.0,0.7,4188,770,4.0,0.7,99544,2488,96.0,0.7,23469,1945,22.6,1.9,36599,1882,35.3,1.5,666,258,0.6,0.3,6000,746,5.8,0.7,51,71,0.0,0.1,32759,2441,31.6,2.2,4188,770,4.0,0.7,1278,366,1.2,0.3,39,46,0.0,0.1,632,482,0.6,0.5,156,131,0.2,0.1,103732,2572,103732,(X),54286,2219,52.3,1.8
75,8600000US10468,ZCTA5 10468,78647,2135,78647,(X),76171,2112,96.9,0.8,2476,629,3.1,0.8,76171,2112,96.9,0.8,9933,1321,12.6,1.7,16529,1324,21.0,1.6,814,341,1.0,0.4,2280,503,2.9,0.7,8,15,0.0,0.1,46607,2236,59.3,2.2,2476,629,3.1,0.8,855,418,1.1,0.5,91,137,0.1,0.2,153,107,0.2,0.1,53,35,0.1,0.1,78647,2135,78647,(X),59588,2262,75.8,1.6
76,8600000US10469,ZCTA5 10469,73870,2253,73870,(X),71657,2222,97.0,0.8,2213,594,3.0,0.8,71657,2222,97.0,0.8,13892,1180,18.8,1.6,40103,2059,54.3,2.2,579,415,0.8,0.6,4837,1183,6.5,1.6,63,96,0.1,0.1,12183,1505,16.5,1.9,2213,594,3.0,0.8,290,132,0.4,0.2,37,36,0.1,0.1,132,83,0.2,0.1,118,95,0.2,0.1,73870,2253,73870,(X),21418,1662,29.0,2.0
77,8600000US10471,ZCTA5 10471,21896,1051,21896,(X),21145,1014,96.6,0.8,751,191,3.4,0.8,21145,1014,96.6,0.8,15033,1098,68.7,3.3,2583,502,11.8,2.3,38,35,0.2,0.2,1366,365,6.2,1.6,0,22,0.0,0.1,2125,456,9.7,2.1,751,191,3.4,0.8,179,92,0.8,0.4,28,26,0.1,0.1,146,77,0.7,0.4,43,50,0.2,0.2,21896,1051,21896,(X),5003,618,22.8,2.4
78,8600000US10472,ZCTA5 10472,68796,1716,68796,(X),66171,1737,96.2,1.0,2625,708,3.8,1.0,66171,1737,96.2,1.0,10270,1246,14.9,1.7,18821,1316,27.4,1.9,971,587,1.4,0.9,4581,975,6.7,1.4,0,28,0.0,0.1,31528,1969,45.8,2.8,2625,708,3.8,1.0,587,315,0.9,0.5,39,44,0.1,0.1,505,378,0.7,0.5,88,39,0.1,0.1,68796,1716,68796,(X),44403,1632,64.5,1.9
79,8600000US10473,ZCTA5 10473,59609,1886,59609,(X),57586,2039,96.6,0.9,2023,530,3.4,0.9,57586,2039,96.6,0.9,22362,2079,37.5,3.2,24533,2126,41.2,3.4,343,212,0.6,0.4,1039,306,1.7,0.5,0,28,0.0,0.1,9309,1411,15.6,2.2,2023,530,3.4,0.9,608,259,1.0,0.4,161,166,0.3,0.3,47,52,0.1,0.1,38,41,0.1,0.1,59609,1886,59609,(X),36265,2147,60.8,2.9
80,8600000US10474,ZCTA5 10474,12127,861,12127,(X),11729,840,96.7,1.5,398,191,3.3,1.5,11729,840,96.7,1.5,1118,375,9.2,3.0,4782,772,39.4,5.6,36,40,0.3,0.3,10,15,0.1,0.1,43,92,0.4,0.7,5740,863,47.3,6.6,398,191,3.3,1.5,201,178,1.7,1.5,0,19,0.0,0.3,0,19,0.0,0.3,22,35,0.2,0.3,12127,861,12127,(X),7688,841,63.4,5.8
81,8600000US10475,ZCTA5 10475,43208,2382,43208,(X),41286,2276,95.6,2.0,1922,879,4.4,2.0,41286,2276,95.6,2.0,7682,1776,17.8,3.9,26281,2314,60.8,5.1,316,423,0.7,1.0,1206,448,2.8,1.0,0,25,0.0,0.1,5801,1881,13.4,4.2,1922,879,4.4,2.0,389,299,0.9,0.7,0,25,0.0,0.1,0,25,0.0,0.1,214,222,0.5,0.5,43208,2382,43208,(X),12542,2259,29.0,4.6
82,8600000US10514,ZCTA5 10514,12389,710,12389,(X),12187,698,98.4,0.9,202,108,1.6,0.9,12187,698,98.4,0.9,10662,689,86.1,3.8,230,341,1.9,2.7,9,15,0.1,0.1,1286,316,10.4,2.4,0,19,0.0,0.3,0,19,0.0,0.3,202,108,1.6,0.9,75,87,0.6,0.7,0,19,0.0,0.3,115,96,0.9,0.8,0,19,0.0,0.3,12389,710,12389,(X),248,160,2.0,1.3
83,8600000US10543,ZCTA5 10543,20715,442,20715,(X),20336,465,98.2,0.7,379,154,1.8,0.7,20336,465,98.2,0.7,16275,751,78.6,3.4,1173,423,5.7,2.0,0,22,0.0,0.2,1074,269,5.2,1.3,8,13,0.0,0.1,1806,611,8.7,2.9,379,154,1.8,0.7,149,111,0.7,0.5,0,22,0.0,0.2,184,96,0.9,0.5,0,22,0.0,0.2,20715,442,20715,(X),4683,723,22.6,3.5
84,8600000US10553,ZCTA5 10553,10429,934,10429,(X),10286,914,98.6,1.0,143,104,1.4,1.0,10286,914,98.6,1.0,421,264,4.0,2.5,9341,1017,89.6,3.6,94,118,0.9,1.1,62,76,0.6,0.7,0,19,0.0,0.3,368,294,3.5,2.9,143,104,1.4,1.0,39,65,0.4,0.6,0,19,0.0,0.3,0,19,0.0,0.3,69,79,0.7,0.8,10429,934,10429,(X),941,382,9.0,3.8
85,8600000US10573,ZCTA5 10573,38861,90,38861,(X),37944,409,97.6,1.0,917,394,2.4,1.0,37944,409,97.6,1.0,25248,1436,65.0,3.7,1358,406,3.5,1.0,407,269,1.0,0.7,1107,343,2.8,0.9,12,19,0.0,0.1,9812,1363,25.2,3.5,917,394,2.4,1.0,200,191,0.5,0.5,76,64,0.2,0.2,105,82,0.3,0.2,38,58,0.1,0.1,38861,90,38861,(X),20800,951,53.5,2.4
86,8600000US10701,ZCTA5 10701,59312,2037,59312,(X),57409,2000,96.8,0.8,1903,475,3.2,0.8,57409,2000,96.8,0.8,27417,1753,46.2,2.5,16795,1461,28.3,2.3,577,279,1.0,0.5,3010,666,5.1,1.1,59,66,0.1,0.1,9551,1422,16.1,2.3,1903,475,3.2,0.8,496,220,0.8,0.4,113,99,0.2,0.2,294,269,0.5,0.5,77,85,0.1,0.1,59312,2037,59312,(X),25387,1701,42.8,2.2
87,8600000US10705,ZCTA5 10705,40733,1523,40733,(X),38666,1636,94.9,1.4,2067,574,5.1,1.4,38666,1636,94.9,1.4,19202,1679,47.1,3.8,7776,1294,19.1,3.0,248,326,0.6,0.8,2734,760,6.7,1.9,0,25,0.0,0.1,8706,1380,21.4,3.3,2067,574,5.1,1.4,379,239,0.9,0.6,152,168,0.4,0.4,93,68,0.2,0.2,191,173,0.5,0.4,40733,1523,40733,(X),21758,1656,53.4,3.3
88,8600000US10911,ZCTA5 10911,0,12,0,(X),0,12,-,**,0,12,-,**,0,12,-,**,0,12,-,**,0,12,-,**,0,12,-,**,0,12,-,**,0,12,-,**,0,12,-,**,0,12,-,**,0,12,-,**,0,12,-,**,0,12,-,**,0,12,-,**,0,12,0,(X),0,12,-,**
89,8600000US10965,ZCTA5 10965,15517,521,15517,(X),15290,502,98.5,0.8,227,129,1.5,0.8,15290,502,98.5,0.8,13607,655,87.7,4.2,456,468,2.9,3.0,105,121,0.7,0.8,736,333,4.7,2.1,0,19,0.0,0.2,386,339,2.5,2.2,227,129,1.5,0.8,85,100,0.5,0.6,9,14,0.1,0.1,106,80,0.7,0.5,0,19,0.0,0.2,15517,521,15517,(X),1195,386,7.7,2.5
90,8600000US10977,ZCTA5 10977,64882,1357,64882,(X),63943,1414,98.6,0.5,939,334,1.4,0.5,63943,1414,98.6,0.5,35856,1377,55.3,1.7,17441,1048,26.9,1.6,39,40,0.1,0.1,1793,280,2.8,0.4,0,28,0.0,0.1,8814,1194,13.6,1.8,939,334,1.4,0.5,228,193,0.4,0.3,7,12,0.0,0.1,106,130,0.2,0.2,85,58,0.1,0.1,64882,1357,64882,(X),13791,911,21.3,1.4
91,8600000US11001,ZCTA5 11001,27867,833,27867,(X),27352,850,98.2,0.7,515,183,1.8,0.7,27352,850,98.2,0.7,19036,600,68.3,2.2,1511,313,5.4,1.1,63,64,0.2,0.2,5171,747,18.6,2.5,0,22,0.0,0.1,1571,504,5.6,1.8,515,183,1.8,0.7,61,46,0.2,0.2,28,35,0.1,0.1,208,120,0.7,0.4,0,22,0.0,0.1,27867,833,27867,(X),3548,579,12.7,1.9
92,8600000US11021,ZCTA5 11021,18185,460,18185,(X),17856,474,98.2,0.9,329,159,1.8,0.9,17856,474,98.2,0.9,12881,602,70.8,2.7,414,225,2.3,1.2,49,73,0.3,0.4,3764,378,20.7,2.0,0,19,0.0,0.2,748,364,4.1,2.0,329,159,1.8,0.9,82,68,0.5,0.4,20,23,0.1,0.1,114,95,0.6,0.5,0,19,0.0,0.2,18185,460,18185,(X),1162,344,6.4,1.9
93,8600000US11050,ZCTA5 11050,30132,745,30132,(X),29791,747,98.9,0.5,341,144,1.1,0.5,29791,747,98.9,0.5,24155,1011,80.2,2.7,491,195,1.6,0.6,58,63,0.2,0.2,3606,662,12.0,2.2,11,18,0.0,0.1,1470,642,4.9,2.1,341,144,1.1,0.5,0,25,0.0,0.1,123,104,0.4,0.3,167,95,0.6,0.3,10,34,0.0,0.1,30132,745,30132,(X),4679,784,15.5,2.5
94,8600000US11101,ZCTA5 11101,30043,1462,30043,(X),28434,1411,94.6,1.0,1609,317,5.4,1.0,28434,1411,94.6,1.0,12915,967,43.0,2.8,4713,819,15.7,2.6,192,186,0.6,0.6,6842,938,22.8,2.7,41,66,0.1,0.2,3731,678,12.4,2.2,1609,317,5.4,1.0,474,218,1.6,0.7,54,54,0.2,0.2,441,178,1.5,0.6,12,20,0.0,0.1,30043,1462,30043,(X),7908,840,26.3,2.6
95,8600000US11102,ZCTA5 11102,30800,1110,30800,(X),29872,1080,97.0,0.6,928,198,3.0,0.6,29872,1080,97.0,0.6,18207,914,59.1,2.4,2964,562,9.6,1.8,24,37,0.1,0.1,4650,627,15.1,2.0,16,24,0.1,0.1,4011,776,13.0,2.4,928,198,3.0,0.6,196,88,0.6,0.3,38,42,0.1,0.1,258,95,0.8,0.3,5,8,0.0,0.1,30800,1110,30800,(X),9472,874,30.8,2.3
96,8600000US11103,ZCTA5 11103,36140,1316,36140,(X),34887,1377,96.5,0.8,1253,280,3.5,0.8,34887,1377,96.5,0.8,25632,1164,70.9,2.3,961,280,2.7,0.8,122,87,0.3,0.2,5379,642,14.9,1.6,45,68,0.1,0.2,2748,552,7.6,1.5,1253,280,3.5,0.8,214,104,0.6,0.3,57,41,0.2,0.1,354,166,1.0,0.5,9,14,0.0,0.1,36140,1316,36140,(X),8204,798,22.7,1.9
97,8600000US11104,ZCTA5 11104,26119,1197,26119,(X),25519,1232,97.7,0.9,600,218,2.3,0.9,25519,1232,97.7,0.9,17459,1245,66.8,3.0,490,201,1.9,0.8,71,62,0.3,0.2,5769,710,22.1,2.7,0,22,0.0,0.1,1730,420,6.6,1.6,600,218,2.3,0.9,95,67,0.4,0.3,15,25,0.1,0.1,276,172,1.1,0.7,0,22,0.0,0.1,26119,1197,26119,(X),8210,1112,31.4,3.5
98,8600000US11105,ZCTA5 11105,37382,1328,37382,(X),36214,1311,96.9,0.8,1168,319,3.1,0.8,36214,1311,96.9,0.8,27867,1225,74.5,2.5,960,256,2.6,0.7,243,267,0.7,0.7,4658,648,12.5,1.7,0,25,0.0,0.1,2486,570,6.7,1.5,1168,319,3.1,0.8,228,108,0.6,0.3,72,47,0.2,0.1,362,109,1.0,0.3,26,19,0.1,0.1,37382,1328,37382,(X),8212,952,22.0,2.2
99,8600000US11106,ZCTA5 11106,38363,1439,38363,(X),36506,1390,95.2,1.1,1857,426,4.8,1.1,36506,1390,95.2,1.1,20734,1302,54.0,2.7,2727,449,7.1,1.2,108,73,0.3,0.2,8086,836,21.1,2.1,8,14,0.0,0.1,4843,804,12.6,2.0,1857,426,4.8,1.1,564,260,1.5,0.7,171,161,0.4,0.4,363,126,0.9,0.3,9,14,0.0,0.1,38363,1439,38363,(X),10844,1164,28.3,2.6
100,0100000US,United States,322903030,*****,322903030,(X),312467233,95465,96.8,0.1,10435797,95419,3.2,0.1,312467233,95465,96.8,0.1,234904818,49642,72.7,0.1,40916113,31375,12.7,0.1,2699073,12129,0.8,0.1,17574550,20968,5.4,0.1,582718,5451,0.2,0.1,15789961,90295,4.9,0.1,10435797,95419,3.2,0.1,2808897,31046,0.9,0.1,1914487,12184,0.6,0.1,2174150,26032,0.7,0.1,313482,7086,0.1,0.1,322903030,*****,322903030,(X),57517935,1657,17.8,0.1
101,8600000US11201,ZCTA5 11201,62823,1267,62823,(X),59121,1339,94.1,0.8,3702,511,5.9,0.8,59121,1339,94.1,0.8,40248,1171,64.1,1.4,8537,894,13.6,1.3,147,164,0.2,0.3,7430,583,11.8,1.0,58,58,0.1,0.1,2701,560,4.3,0.9,3702,511,5.9,0.8,789,304,1.3,0.5,223,124,0.4,0.2,1537,346,2.4,0.6,98,96,0.2,0.2,62823,1267,62823,(X),7267,686,11.6,1.1
102,8600000US11203,ZCTA5 11203,75451,1976,75451,(X),74218,1991,98.4,0.4,1233,299,1.6,0.4,74218,1991,98.4,0.4,3330,559,4.4,0.7,67171,1819,89.0,1.1,114,79,0.2,0.1,1431,324,1.9,0.4,0,28,0.0,0.1,2172,518,2.9,0.7,1233,299,1.6,0.4,199,88,0.3,0.1,192,161,0.3,0.2,96,74,0.1,0.1,141,151,0.2,0.2,75451,1976,75451,(X),4846,680,6.4,0.9
103,8600000US11204,ZCTA5 11204,76978,1957,76978,(X),75675,1890,98.3,0.4,1303,337,1.7,0.4,75675,1890,98.3,0.4,44686,1766,58.1,1.8,893,251,1.2,0.3,178,103,0.2,0.1,24594,1155,31.9,1.4,13,19,0.0,0.1,5311,1053,6.9,1.3,1303,337,1.7,0.4,61,40,0.1,0.1,84,110,0.1,0.1,666,256,0.9,0.3,8,12,0.0,0.1,76978,1957,76978,(X),8396,1060,10.9,1.3
104,8600000US11205,ZCTA5 11205,46064,1551,46064,(X),44304,1497,96.2,0.8,1760,379,3.8,0.8,44304,1497,96.2,0.8,22570,1161,49.0,1.9,14651,1094,31.8,1.9,272,285,0.6,0.6,3184,379,6.9,0.9,8,15,0.0,0.1,3619,554,7.9,1.2,1760,379,3.8,0.8,365,194,0.8,0.4,122,83,0.3,0.2,487,160,1.1,0.3,91,63,0.2,0.1,46064,1551,46064,(X),8153,830,17.7,1.8
105,8600000US11206,ZCTA5 11206,88349,2041,88349,(X),85010,2097,96.2,0.8,3339,678,3.8,0.8,85010,2097,96.2,0.8,41715,1626,47.2,1.7,23405,1645,26.5,1.8,638,260,0.7,0.3,6056,797,6.9,0.9,33,28,0.0,0.1,13163,1535,14.9,1.6,3339,678,3.8,0.8,1387,587,1.6,0.7,190,115,0.2,0.1,425,154,0.5,0.2,106,61,0.1,0.1,88349,2041,88349,(X),32797,1452,37.1,1.5
106,8600000US11207,ZCTA5 11207,91972,2452,91972,(X),89709,2508,97.5,0.5,2263,490,2.5,0.5,89709,2508,97.5,0.5,13372,1194,14.5,1.3,59171,2679,64.3,2.1,386,298,0.4,0.3,1300,338,1.4,0.4,86,92,0.1,0.1,15394,1495,16.7,1.6,2263,490,2.5,0.5,516,216,0.6,0.2,195,100,0.2,0.1,116,91,0.1,0.1,218,137,0.2,0.1,91972,2452,91972,(X),30605,1789,33.3,1.7
107,8600000US11208,ZCTA5 11208,98660,2227,98660,(X),96857,2256,98.2,0.4,1803,359,1.8,0.4,96857,2256,98.2,0.4,25549,1918,25.9,1.8,53666,1873,54.4,1.6,339,205,0.3,0.2,5621,784,5.7,0.8,62,103,0.1,0.1,11620,1171,11.8,1.2,1803,359,1.8,0.4,364,194,0.4,0.2,61,53,0.1,0.1,164,154,0.2,0.2,218,151,0.2,0.2,98660,2227,98660,(X),40756,2017,41.3,1.7
108,8600000US11209,ZCTA5 11209,67809,1828,67809,(X),65378,1802,96.4,0.6,2431,423,3.6,0.6,65378,1802,96.4,0.6,50050,1678,73.8,1.6,2078,504,3.1,0.7,211,156,0.3,0.2,9115,840,13.4,1.2,69,58,0.1,0.1,3855,740,5.7,1.1,2431,423,3.6,0.6,630,244,0.9,0.4,146,93,0.2,0.1,749,225,1.1,0.3,9,22,0.0,0.1,67809,1828,67809,(X),11441,1049,16.9,1.4
109,8600000US11210,ZCTA5 11210,67040,1786,67040,(X),65891,1816,98.3,0.4,1149,257,1.7,0.4,65891,1816,98.3,0.4,20877,1251,31.1,1.8,39272,1707,58.6,1.8,70,63,0.1,0.1,2863,574,4.3,0.8,0,28,0.0,0.1,2809,622,4.2,0.9,1149,257,1.7,0.4,353,145,0.5,0.2,20,32,0.0,0.1,110,89,0.2,0.1,29,32,0.0,0.1,67040,1786,67040,(X),4716,773,7.0,1.1
110,8600000US11211,ZCTA5 11211,102624,2613,102624,(X),99292,2581,96.8,0.5,3332,552,3.2,0.5,99292,2581,96.8,0.5,76620,2311,74.7,1.8,6611,1255,6.4,1.2,499,304,0.5,0.3,5753,719,5.6,0.7,8,14,0.0,0.1,9801,1462,9.6,1.4,3332,552,3.2,0.5,644,203,0.6,0.2,413,179,0.4,0.2,936,222,0.9,0.2,61,60,0.1,0.1,102624,2613,102624,(X),24955,1646,24.3,1.4
111,8600000US11212,ZCTA5 11212,76527,2734,76527,(X),74820,2727,97.8,0.5,1707,419,2.2,0.5,74820,2727,97.8,0.5,5487,1047,7.2,1.3,62425,2493,81.6,1.5,168,136,0.2,0.2,986,343,1.3,0.4,30,35,0.0,0.1,5724,1004,7.5,1.3,1707,419,2.2,0.5,661,300,0.9,0.4,0,28,0.0,0.1,112,88,0.1,0.1,140,116,0.2,0.2,76527,2734,76527,(X),14266,1360,18.6,1.6
112,8600000US11213,ZCTA5 11213,66295,1791,66295,(X),64408,1786,97.2,0.7,1887,444,2.8,0.7,64408,1786,97.2,0.7,14869,1084,22.4,1.5,44813,1483,67.6,1.5,108,103,0.2,0.2,1357,345,2.0,0.5,0,28,0.0,0.1,3261,749,4.9,1.1,1887,444,2.8,0.7,676,277,1.0,0.4,184,159,0.3,0.2,335,206,0.5,0.3,176,109,0.3,0.2,66295,1791,66295,(X),7060,968,10.6,1.4
113,8600000US11214,ZCTA5 11214,92946,2247,92946,(X),90476,2270,97.3,0.6,2470,588,2.7,0.6,90476,2270,97.3,0.6,45769,1756,49.2,1.6,1364,324,1.5,0.3,192,171,0.2,0.2,34861,1652,37.5,1.7,11,17,0.0,0.1,8279,1429,8.9,1.5,2470,588,2.7,0.6,137,90,0.1,0.1,228,195,0.2,0.2,1537,581,1.7,0.6,0,28,0.0,0.1,92946,2247,92946,(X),15273,1632,16.4,1.6
114,8600000US11215,ZCTA5 11215,70156,1583,70156,(X),66012,1612,94.1,0.9,4144,603,5.9,0.9,66012,1612,94.1,0.9,53421,1421,76.1,1.3,3233,486,4.6,0.7,94,81,0.1,0.1,5572,592,7.9,0.8,0,28,0.0,0.1,3692,623,5.3,0.9,4144,603,5.9,0.9,1072,309,1.5,0.4,220,108,0.3,0.2,1749,355,2.5,0.5,16,36,0.0,0.1,70156,1583,70156,(X),11428,1068,16.3,1.4
115,8600000US11216,ZCTA5 11216,56308,1651,56308,(X),53927,1622,95.8,0.9,2381,523,4.2,0.9,53927,1622,95.8,0.9,16316,973,29.0,1.7,32083,1487,57.0,1.8,157,124,0.3,0.2,2925,502,5.2,0.9,10,16,0.0,0.1,2436,601,4.3,1.1,2381,523,4.2,0.9,1009,379,1.8,0.7,77,72,0.1,0.1,533,218,0.9,0.4,135,128,0.2,0.2,56308,1651,56308,(X),6079,698,10.8,1.2
116,8600000US11217,ZCTA5 11217,41407,1639,41407,(X),39519,1596,95.4,1.0,1888,407,4.6,1.0,39519,1596,95.4,1.0,24009,1311,58.0,3.0,8163,1068,19.7,2.3,46,31,0.1,0.1,3135,450,7.6,1.1,10,17,0.0,0.1,4156,771,10.0,1.7,1888,407,4.6,1.0,517,194,1.2,0.5,124,96,0.3,0.2,758,222,1.8,0.5,75,62,0.2,0.2,41407,1639,41407,(X),7671,823,18.5,1.7
117,8600000US11218,ZCTA5 11218,74508,2273,74508,(X),71549,2298,96.0,0.8,2959,587,4.0,0.8,71549,2298,96.0,0.8,44496,1991,59.7,2.1,6015,743,8.1,1.0,403,314,0.5,0.4,13810,1310,18.5,1.7,0,28,0.0,0.1,6825,1044,9.2,1.3,2959,587,4.0,0.8,506,243,0.7,0.3,181,186,0.2,0.2,1273,349,1.7,0.5,0,28,0.0,0.1,74508,2273,74508,(X),13089,1212,17.6,1.4
118,8600000US11219,ZCTA5 11219,90036,2709,90036,(X),89224,2673,99.1,0.3,812,303,0.9,0.3,89224,2673,99.1,0.3,60521,2571,67.2,1.9,931,248,1.0,0.3,224,137,0.2,0.2,22042,1484,24.5,1.7,14,21,0.0,0.1,5492,1105,6.1,1.2,812,303,0.9,0.3,175,93,0.2,0.1,36,35,0.0,0.1,236,203,0.3,0.2,0,28,0.0,0.1,90036,2709,90036,(X),10913,1517,12.1,1.5
119,8600000US11220,ZCTA5 11220,95643,2498,95643,(X),93189,2404,97.4,0.7,2454,684,2.6,0.7,93189,2404,97.4,0.7,29005,1890,30.3,1.8,2458,408,2.6,0.4,428,205,0.4,0.2,39493,1616,41.3,1.5,0,28,0.0,0.1,21805,1925,22.8,1.9,2454,684,2.6,0.7,596,197,0.6,0.2,45,53,0.0,0.1,450,198,0.5,0.2,11,17,0.0,0.1,95643,2498,95643,(X),39840,2065,41.7,1.6
120,8600000US11221,ZCTA5 11221,83835,2503,83835,(X),80560,2483,96.1,0.7,3275,592,3.9,0.7,80560,2483,96.1,0.7,23203,1389,27.7,1.7,41079,2277,49.0,2.0,558,216,0.7,0.3,2815,557,3.4,0.7,16,21,0.0,0.1,12889,1422,15.4,1.6,3275,592,3.9,0.7,978,315,1.2,0.4,198,198,0.2,0.2,482,153,0.6,0.2,333,216,0.4,0.3,83835,2503,83835,(X),28781,1929,34.3,2.0
121,8600000US11222,ZCTA5 11222,36492,1208,36492,(X),34976,1180,95.8,1.0,1516,379,4.2,1.0,34976,1180,95.8,1.0,29893,1197,81.9,2.4,1590,491,4.4,1.3,96,75,0.3,0.2,1841,306,5.0,0.8,6,8,0.0,0.1,1550,430,4.2,1.2,1516,379,4.2,1.0,259,169,0.7,0.5,92,74,0.3,0.2,661,156,1.8,0.4,0,25,0.0,0.1,36492,1208,36492,(X),5197,737,14.2,2.0
122,8600000US11223,ZCTA5 11223,81789,2484,81789,(X),79158,2387,96.8,0.9,2631,753,3.2,0.9,79158,2387,96.8,0.9,46811,1763,57.2,1.9,3886,828,4.8,1.0,239,214,0.3,0.3,19777,1243,24.2,1.5,139,180,0.2,0.2,8306,1567,10.2,1.8,2631,753,3.2,0.9,264,148,0.3,0.2,188,198,0.2,0.2,1620,526,2.0,0.6,259,279,0.3,0.3,81789,2484,81789,(X),13697,1646,16.7,1.8
123,8600000US11224,ZCTA5 11224,46707,1586,46707,(X),45407,1728,97.2,1.3,1300,625,2.8,1.3,45407,1728,97.2,1.3,27137,1588,58.1,2.6,10495,1144,22.5,2.4,68,71,0.1,0.2,2769,554,5.9,1.2,4,9,0.0,0.1,4934,897,10.6,1.9,1300,625,2.8,1.3,438,324,0.9,0.7,69,82,0.1,0.2,454,454,1.0,1.0,29,32,0.1,0.1,46707,1586,46707,(X),9516,1039,20.4,2.1
124,8600000US11225,ZCTA5 11225,58882,2022,58882,(X),57308,2066,97.3,0.8,1574,444,2.7,0.8,57308,2066,97.3,0.8,16038,1355,27.2,2.1,37614,1905,63.9,2.3,49,69,0.1,0.1,1560,314,2.6,0.5,27,39,0.0,0.1,2020,551,3.4,0.9,1574,444,2.7,0.8,421,225,0.7,0.4,115,92,0.2,0.2,293,188,0.5,0.3,39,32,0.1,0.1,58882,2022,58882,(X),4913,760,8.3,1.2
125,8600000US11226,ZCTA5 11226,100277,2755,100277,(X),97600,2822,97.3,0.5,2677,510,2.7,0.5,97600,2822,97.3,0.5,15288,1461,15.2,1.4,68415,2503,68.2,1.7,297,254,0.3,0.3,2896,673,2.9,0.7,0,28,0.0,0.1,10704,1463,10.7,1.4,2677,510,2.7,0.5,549,222,0.5,0.2,280,199,0.3,0.2,759,244,0.8,0.2,64,56,0.1,0.1,100277,2755,100277,(X),17145,1583,17.1,1.4
126,8600000US11228,ZCTA5 11228,44994,1468,44994,(X),44012,1438,97.8,0.7,982,339,2.2,0.7,44012,1438,97.8,0.7,25047,954,55.7,2.2,521,246,1.2,0.5,137,110,0.3,0.2,16023,1160,35.6,2.0,31,34,0.1,0.1,2253,551,5.0,1.2,982,339,2.2,0.7,98,93,0.2,0.2,146,123,0.3,0.3,309,190,0.7,0.4,7,10,0.0,0.1,44994,1468,44994,(X),5838,893,13.0,1.8
127,8600000US11229,ZCTA5 11229,83615,1997,83615,(X),81289,2003,97.2,0.7,2326,568,2.8,0.7,81289,2003,97.2,0.7,54043,1751,64.6,1.9,4985,884,6.0,1.1,208,281,0.2,0.3,18540,1464,22.2,1.5,76,109,0.1,0.1,3437,858,4.1,1.0,2326,568,2.8,0.7,368,186,0.4,0.2,33,36,0.0,0.1,1634,486,2.0,0.6,8,14,0.0,0.1,83615,1997,83615,(X),9039,1001,10.8,1.1
128,8600000US11230,ZCTA5 11230,89075,2360,89075,(X),86908,2340,97.6,0.6,2167,517,2.4,0.6,86908,2340,97.6,0.6,62333,1844,70.0,1.6,6328,712,7.1,0.8,393,395,0.4,0.4,12631,1244,14.2,1.3,0,28,0.0,0.1,5223,1104,5.9,1.2,2167,517,2.4,0.6,188,94,0.2,0.1,157,108,0.2,0.1,1020,354,1.1,0.4,30,30,0.0,0.1,89075,2360,89075,(X),9119,1288,10.2,1.3
129,8600000US11231,ZCTA5 11231,37845,1295,37845,(X),35579,1182,94.0,1.2,2266,495,6.0,1.2,35579,1182,94.0,1.2,24939,998,65.9,2.2,5262,745,13.9,1.8,237,221,0.6,0.6,2135,392,5.6,1.0,268,315,0.7,0.8,2738,544,7.2,1.4,2266,495,6.0,1.2,355,237,0.9,0.6,15,16,0.0,0.1,1158,317,3.1,0.8,148,209,0.4,0.5,37845,1295,37845,(X),7047,928,18.6,2.3
130,8600000US11232,ZCTA5 11232,27602,1461,27602,(X),26248,1476,95.1,1.1,1354,303,4.9,1.1,26248,1476,95.1,1.1,11391,1019,41.3,3.1,1772,890,6.4,3.0,288,178,1.0,0.6,5278,675,19.1,2.7,0,22,0.0,0.1,7519,939,27.2,3.4,1354,303,4.9,1.1,403,188,1.5,0.7,91,91,0.3,0.3,240,113,0.9,0.4,51,43,0.2,0.2,27602,1461,27602,(X),13974,1087,50.6,2.9
131,8600000US11233,ZCTA5 11233,76819,2189,76819,(X),75017,2207,97.7,0.5,1802,370,2.3,0.5,75017,2207,97.7,0.5,6731,659,8.8,0.9,60526,2161,78.8,1.4,113,101,0.1,0.1,1320,375,1.7,0.5,0,28,0.0,0.1,6327,880,8.2,1.1,1802,370,2.3,0.5,406,183,0.5,0.2,65,64,0.1,0.1,346,160,0.5,0.2,263,155,0.3,0.2,76819,2189,76819,(X),12276,1192,16.0,1.5
132,8600000US11234,ZCTA5 11234,95666,2219,95666,(X),93956,2240,98.2,0.4,1710,346,1.8,0.4,93956,2240,98.2,0.4,39753,1528,41.6,1.4,43831,1716,45.8,1.3,152,104,0.2,0.1,6411,748,6.7,0.8,11,17,0.0,0.1,3798,847,4.0,0.9,1710,346,1.8,0.4,491,167,0.5,0.2,145,113,0.2,0.1,490,189,0.5,0.2,56,65,0.1,0.1,95666,2219,95666,(X),10023,1178,10.5,1.2
133,8600000US11235,ZCTA5 11235,78128,1893,78128,(X),76095,1929,97.4,0.8,2033,627,2.6,0.8,76095,1929,97.4,0.8,58754,1627,75.2,1.6,2011,501,2.6,0.6,189,174,0.2,0.2,11285,1132,14.4,1.4,0,28,0.0,0.1,3856,893,4.9,1.1,2033,627,2.6,0.8,102,67,0.1,0.1,70,104,0.1,0.1,1518,616,1.9,0.8,31,53,0.0,0.1,78128,1893,78128,(X),6491,1055,8.3,1.3
134,8600000US11236,ZCTA5 11236,100331,2339,100331,(X),98909,2255,98.6,0.4,1422,413,1.4,0.4,98909,2255,98.6,0.4,5879,761,5.9,0.7,86679,2143,86.4,1.1,158,82,0.2,0.1,2720,498,2.7,0.5,15,27,0.0,0.1,3458,607,3.4,0.6,1422,413,1.4,0.4,155,138,0.2,0.1,102,95,0.1,0.1,258,203,0.3,0.2,95,61,0.1,0.1,100331,2339,100331,(X),7166,889,7.1,0.9
135,8600000US11237,ZCTA5 11237,49310,1833,49310,(X),47733,1857,96.8,0.7,1577,366,3.2,0.7,47733,1857,96.8,0.7,20736,1499,42.1,2.9,6670,1120,13.5,2.1,388,235,0.8,0.5,3636,600,7.4,1.2,23,28,0.0,0.1,16280,1798,33.0,3.2,1577,366,3.2,0.7,477,154,1.0,0.3,27,32,0.1,0.1,244,97,0.5,0.2,30,40,0.1,0.1,49310,1833,49310,(X),31052,1964,63.0,2.4
136,8600000US11238,ZCTA5 11238,54540,1740,54540,(X),51722,1665,94.8,0.9,2818,497,5.2,0.9,51722,1665,94.8,0.9,25308,1117,46.4,1.8,20521,1227,37.6,1.8,46,46,0.1,0.1,3364,558,6.2,1.0,19,20,0.0,0.1,2464,502,4.5,0.9,2818,497,5.2,0.9,857,202,1.6,0.4,123,77,0.2,0.1,921,233,1.7,0.4,82,85,0.2,0.2,54540,1740,54540,(X),5947,724,10.9,1.2
137,8600000US11239,ZCTA5 11239,13244,864,13244,(X),13062,853,98.6,0.7,182,98,1.4,0.7,13062,853,98.6,0.7,4057,851,30.6,5.2,7991,565,60.3,4.3,137,101,1.0,0.8,300,184,2.3,1.4,0,19,0.0,0.2,577,301,4.4,2.3,182,98,1.4,0.7,73,67,0.6,0.5,0,19,0.0,0.2,0,19,0.0,0.2,9,21,0.1,0.2,13244,864,13244,(X),2507,854,18.9,5.7
138,8600000US11354,ZCTA5 11354,55200,2265,55200,(X),53882,2239,97.6,0.8,1318,457,2.4,0.8,53882,2239,97.6,0.8,11472,1048,20.8,1.7,1775,349,3.2,0.6,115,99,0.2,0.2,34682,1870,62.8,2.5,7,14,0.0,0.1,5831,1232,10.6,2.1,1318,457,2.4,0.8,223,151,0.4,0.3,23,33,0.0,0.1,456,289,0.8,0.5,5,11,0.0,0.1,55200,2265,55200,(X),8803,1250,15.9,2.0
139,8600000US11355,ZCTA5 11355,80853,2400,80853,(X),79023,2465,97.7,0.7,1830,568,2.3,0.7,79023,2465,97.7,0.7,10683,1018,13.2,1.2,2748,528,3.4,0.7,613,335,0.8,0.4,58759,2043,72.7,1.6,78,72,0.1,0.1,6142,1048,7.6,1.2,1830,568,2.3,0.7,304,271,0.4,0.3,70,78,0.1,0.1,468,292,0.6,0.4,24,32,0.0,0.1,80853,2400,80853,(X),11943,1200,14.8,1.3
140,8600000US11356,ZCTA5 11356,23362,1289,23362,(X),22304,1303,95.5,1.6,1058,378,4.5,1.6,22304,1303,95.5,1.6,8389,995,35.9,3.8,419,272,1.8,1.1,71,128,0.3,0.5,6857,1004,29.4,4.1,49,70,0.2,0.3,6519,968,27.9,3.8,1058,378,4.5,1.6,22,28,0.1,0.1,0,22,0.0,0.1,424,283,1.8,1.2,10,16,0.0,0.1,23362,1289,23362,(X),9417,1141,40.3,4.1
141,8600000US11357,ZCTA5 11357,39902,1595,39902,(X),38904,1613,97.5,0.7,998,293,2.5,0.7,38904,1613,97.5,0.7,27972,1402,70.1,3.1,259,119,0.6,0.3,75,72,0.2,0.2,8826,1030,22.1,2.5,14,22,0.0,0.1,1758,995,4.4,2.4,998,293,2.5,0.7,216,140,0.5,0.3,45,46,0.1,0.1,460,223,1.2,0.6,0,25,0.0,0.1,39902,1595,39902,(X),6240,1332,15.6,2.9
142,8600000US11358,ZCTA5 11358,37190,1208,37190,(X),36299,1230,97.6,0.7,891,261,2.4,0.7,36299,1230,97.6,0.7,15507,954,41.7,2.5,352,154,0.9,0.4,153,184,0.4,0.5,17515,1102,47.1,2.4,0,25,0.0,0.1,2772,505,7.5,1.3,891,261,2.4,0.7,76,49,0.2,0.1,21,33,0.1,0.1,476,194,1.3,0.5,18,26,0.0,0.1,37190,1208,37190,(X),6261,768,16.8,1.8
143,8600000US11360,ZCTA5 11360,19621,865,19621,(X),19300,853,98.4,1.0,321,198,1.6,1.0,19300,853,98.4,1.0,12199,909,62.2,3.9,196,150,1.0,0.8,25,38,0.1,0.2,6402,821,32.6,3.8,0,19,0.0,0.2,478,261,2.4,1.3,321,198,1.6,1.0,56,65,0.3,0.3,20,32,0.1,0.2,145,113,0.7,0.6,0,19,0.0,0.2,19621,865,19621,(X),1918,498,9.8,2.5
144,8600000US11361,ZCTA5 11361,27246,808,27246,(X),26772,757,98.3,0.7,474,196,1.7,0.7,26772,757,98.3,0.7,13252,810,48.6,2.7,1036,221,3.8,0.8,0,22,0.0,0.1,11138,703,40.9,2.4,0,22,0.0,0.1,1346,483,4.9,1.7,474,196,1.7,0.7,107,85,0.4,0.3,0,22,0.0,0.1,150,82,0.6,0.3,65,65,0.2,0.2,27246,808,27246,(X),3510,630,12.9,2.2
145,8600000US11362,ZCTA5 11362,18721,1019,18721,(X),18184,984,97.1,2.0,537,382,2.9,2.0,18184,984,97.1,2.0,9308,713,49.7,4.2,176,117,0.9,0.6,0,19,0.0,0.2,8098,1017,43.3,4.2,0,19,0.0,0.2,602,368,3.2,2.0,537,382,2.9,2.0,188,150,1.0,0.8,234,335,1.2,1.8,59,61,0.3,0.3,0,19,0.0,0.2,18721,1019,18721,(X),1659,506,8.9,2.7
146,8600000US11364,ZCTA5 11364,36806,1401,36806,(X),36186,1414,98.3,0.6,620,226,1.7,0.6,36186,1414,98.3,0.6,14708,1025,40.0,2.5,962,379,2.6,1.0,315,314,0.9,0.9,19176,1142,52.1,2.7,9,11,0.0,0.1,1016,717,2.8,1.9,620,226,1.7,0.6,32,32,0.1,0.1,0,25,0.0,0.1,303,161,0.8,0.4,0,25,0.0,0.1,36806,1401,36806,(X),3526,878,9.6,2.3
147,8600000US11365,ZCTA5 11365,44983,1704,44983,(X),43113,1687,95.8,1.5,1870,667,4.2,1.5,43113,1687,95.8,1.5,15033,1343,33.4,2.9,3815,888,8.5,1.9,159,166,0.4,0.4,20176,1515,44.9,3.0,21,30,0.0,0.1,3909,1242,8.7,2.7,1870,667,4.2,1.5,344,267,0.8,0.6,105,102,0.2,0.2,429,305,1.0,0.7,0,25,0.0,0.1,44983,1704,44983,(X),8866,1310,19.7,2.7
148,8600000US11366,ZCTA5 11366,14650,960,14650,(X),14269,958,97.4,1.5,381,223,2.6,1.5,14269,958,97.4,1.5,6295,611,43.0,3.7,768,252,5.2,1.7,0,19,0.0,0.2,6676,818,45.6,3.9,0,19,0.0,0.2,530,277,3.6,1.9,381,223,2.6,1.5,53,49,0.4,0.3,0,19,0.0,0.2,291,214,2.0,1.4,0,19,0.0,0.2,14650,960,14650,(X),1298,343,8.9,2.5
149,8600000US11367,ZCTA5 11367,41824,1606,41824,(X),40143,1450,96.0,1.5,1681,657,4.0,1.5,40143,1450,96.0,1.5,23407,1276,56.0,3.0,3526,663,8.4,1.6,88,118,0.2,0.3,10891,1174,26.0,2.4,0,25,0.0,0.1,2231,753,5.3,1.8,1681,657,4.0,1.5,199,160,0.5,0.4,81,86,0.2,0.2,716,442,1.7,1.0,78,78,0.2,0.2,41824,1606,41824,(X),7466,1321,17.9,3.1
150,8600000US11368,ZCTA5 11368,112425,3121,112425,(X),110033,3240,97.9,0.5,2392,547,2.1,0.5,110033,3240,97.9,0.5,42338,3110,37.7,2.5,11805,1961,10.5,1.7,737,299,0.7,0.3,13463,1413,12.0,1.3,13,20,0.0,0.1,41677,3268,37.1,2.7,2392,547,2.1,0.5,686,356,0.6,0.3,40,36,0.0,0.1,216,224,0.2,0.2,50,67,0.0,0.1,112425,3121,112425,(X),84868,3131,75.5,1.7
151,8600000US11369,ZCTA5 11369,34118,1408,34118,(X),32918,1409,96.5,0.8,1200,271,3.5,0.8,32918,1409,96.5,0.8,9834,1110,28.8,2.9,5546,499,16.3,1.4,84,66,0.2,0.2,4207,525,12.3,1.5,0,25,0.0,0.1,13247,1057,38.8,2.7,1200,271,3.5,0.8,370,180,1.1,0.5,33,36,0.1,0.1,81,51,0.2,0.1,21,22,0.1,0.1,34118,1408,34118,(X),21701,1329,63.6,2.3
152,8600000US11370,ZCTA5 11370,32514,1727,32514,(X),31841,1662,97.9,0.7,673,222,2.1,0.7,31841,1662,97.9,0.7,13704,1458,42.1,3.5,4869,525,15.0,1.8,348,226,1.1,0.7,7149,929,22.0,2.6,0,25,0.0,0.1,5771,900,17.7,2.6,673,222,2.1,0.7,111,60,0.3,0.2,8,13,0.0,0.1,283,153,0.9,0.5,0,25,0.0,0.1,32514,1727,32514,(X),12153,1178,37.4,2.9
153,8600000US11371,ZCTA5 11371,0,12,0,(X),0,12,-,**,0,12,-,**,0,12,-,**,0,12,-,**,0,12,-,**,0,12,-,**,0,12,-,**,0,12,-,**,0,12,-,**,0,12,-,**,0,12,-,**,0,12,-,**,0,12,-,**,0,12,-,**,0,12,0,(X),0,12,-,**
154,8600000US11372,ZCTA5 11372,61844,2482,61844,(X),59583,2498,96.3,0.8,2261,515,3.7,0.8,59583,2498,96.3,0.8,35443,2171,57.3,2.7,1973,551,3.2,0.9,246,155,0.4,0.2,12695,1383,20.5,2.0,141,147,0.2,0.2,9085,1433,14.7,2.2,2261,515,3.7,0.8,208,176,0.3,0.3,272,214,0.4,0.3,519,220,0.8,0.4,0,28,0.0,0.1,61844,2482,61844,(X),35600,2213,57.6,2.3
155,8600000US11373,ZCTA5 11373,93967,2535,93967,(X),91897,2568,97.8,0.5,2070,480,2.2,0.5,91897,2568,97.8,0.5,20359,1848,21.7,1.8,2003,525,2.1,0.6,826,408,0.9,0.4,45690,1859,48.6,1.8,11,16,0.0,0.1,23008,1945,24.5,1.9,2070,480,2.2,0.5,338,179,0.4,0.2,325,165,0.3,0.2,382,173,0.4,0.2,36,52,0.0,0.1,93967,2535,93967,(X),38896,2113,41.4,1.7
156,8600000US11374,ZCTA5 11374,42653,1628,42653,(X),40551,1679,95.1,1.4,2102,581,4.9,1.4,40551,1679,95.1,1.4,22481,1449,52.7,2.7,1881,607,4.4,1.4,47,73,0.1,0.2,13698,1069,32.1,2.2,0,25,0.0,0.1,2444,547,5.7,1.3,2102,581,4.9,1.4,343,249,0.8,0.6,556,336,1.3,0.8,794,346,1.9,0.8,0,25,0.0,0.1,42653,1628,42653,(X),6947,797,16.3,1.7
157,8600000US11375,ZCTA5 11375,73488,1710,73488,(X),70050,1876,95.3,0.8,3438,580,4.7,0.8,70050,1876,95.3,0.8,44651,1417,60.8,1.6,2008,448,2.7,0.6,203,119,0.3,0.2,20607,1332,28.0,1.5,0,28,0.0,0.1,2581,650,3.5,0.9,3438,580,4.7,0.8,674,302,0.9,0.4,0,28,0.0,0.1,1366,315,1.9,0.4,153,204,0.2,0.3,73488,1710,73488,(X),11570,1328,15.7,1.7
158,8600000US11377,ZCTA5 11377,86421,2690,86421,(X),83735,2531,96.9,0.8,2686,682,3.1,0.8,83735,2531,96.9,0.8,42254,2446,48.9,2.5,2299,494,2.7,0.6,327,226,0.4,0.3,32108,2142,37.2,2.2,0,28,0.0,0.1,6747,989,7.8,1.1,2686,682,3.1,0.8,216,177,0.2,0.2,449,454,0.5,0.5,841,212,1.0,0.2,56,67,0.1,0.1,86421,2690,86421,(X),32900,2356,38.1,2.2
159,8600000US11378,ZCTA5 11378,37279,1485,37279,(X),36054,1465,96.7,1.0,1225,360,3.3,1.0,36054,1465,96.7,1.0,26836,1233,72.0,2.3,635,196,1.7,0.5,84,84,0.2,0.2,3850,541,10.3,1.4,32,50,0.1,0.1,4617,782,12.4,2.0,1225,360,3.3,1.0,286,105,0.8,0.3,152,170,0.4,0.5,107,90,0.3,0.2,0,25,0.0,0.1,37279,1485,37279,(X),12007,1335,32.2,3.0
160,8600000US11379,ZCTA5 11379,37851,1452,37851,(X),36672,1401,96.9,1.1,1179,427,3.1,1.1,36672,1401,96.9,1.1,29559,1189,78.1,2.4,367,139,1.0,0.4,72,71,0.2,0.2,4166,769,11.0,1.9,0,25,0.0,0.1,2508,611,6.6,1.5,1179,427,3.1,1.1,203,232,0.5,0.6,71,51,0.2,0.1,359,211,0.9,0.6,0,25,0.0,0.1,37851,1452,37851,(X),7621,897,20.1,2.1
161,8600000US11385,ZCTA5 11385,106717,2314,106717,(X),104422,2305,97.8,0.4,2295,445,2.2,0.4,104422,2305,97.8,0.4,87155,2454,81.7,1.5,2415,500,2.3,0.5,263,157,0.2,0.1,7123,905,6.7,0.8,0,28,0.0,0.1,7466,1070,7.0,1.0,2295,445,2.2,0.4,603,207,0.6,0.2,73,75,0.1,0.1,595,233,0.6,0.2,0,28,0.0,0.1,106717,2314,106717,(X),47246,2188,44.3,1.4
162,8600000US11411,ZCTA5 11411,20759,771,20759,(X),20482,765,98.7,0.6,277,132,1.3,0.6,20482,765,98.7,0.6,699,314,3.4,1.5,19233,737,92.6,1.7,18,27,0.1,0.1,58,53,0.3,0.3,0,22,0.0,0.2,474,242,2.3,1.2,277,132,1.3,0.6,43,28,0.2,0.1,0,22,0.0,0.2,12,11,0.1,0.1,27,23,0.1,0.1,20759,771,20759,(X),1369,323,6.6,1.5
163,8600000US11412,ZCTA5 11412,37458,1143,37458,(X),36596,1093,97.7,0.7,862,258,2.3,0.7,36596,1093,97.7,0.7,661,205,1.8,0.5,33702,1169,90.0,1.4,271,242,0.7,0.6,891,346,2.4,0.9,23,24,0.1,0.1,1048,347,2.8,0.9,862,258,2.3,0.7,156,89,0.4,0.2,13,21,0.0,0.1,46,57,0.1,0.2,220,125,0.6,0.3,37458,1143,37458,(X),1909,422,5.1,1.1
164,8600000US11413,ZCTA5 11413,42443,1525,42443,(X),41707,1497,98.3,0.6,736,255,1.7,0.6,41707,1497,98.3,0.6,987,318,2.3,0.7,39084,1514,92.1,1.3,105,69,0.2,0.2,480,219,1.1,0.5,51,78,0.1,0.2,1000,296,2.4,0.7,736,255,1.7,0.6,172,97,0.4,0.2,68,109,0.2,0.3,0,25,0.0,0.1,101,83,0.2,0.2,42443,1525,42443,(X),2080,440,4.9,1.0
165,8600000US11414,ZCTA5 11414,29219,1494,29219,(X),27460,1507,94.0,2.5,1759,750,6.0,2.5,27460,1507,94.0,2.5,22761,1663,77.9,4.7,556,365,1.9,1.2,0,22,0.0,0.1,1518,531,5.2,1.9,0,22,0.0,0.1,2625,939,9.0,3.1,1759,750,6.0,2.5,93,122,0.3,0.4,16,26,0.1,0.1,143,159,0.5,0.5,0,22,0.0,0.1,29219,1494,29219,(X),6513,1156,22.3,3.6
166,8600000US11415,ZCTA5 11415,19372,1131,19372,(X),18602,1122,96.0,1.0,770,203,4.0,1.0,18602,1122,96.0,1.0,11415,816,58.9,3.8,1039,282,5.4,1.5,92,98,0.5,0.5,3671,835,19.0,3.8,19,31,0.1,0.2,2366,612,12.2,2.9,770,203,4.0,1.0,165,106,0.9,0.6,0,19,0.0,0.2,269,124,1.4,0.6,65,72,0.3,0.4,19372,1131,19372,(X),4833,788,24.9,3.7
167,8600000US11416,ZCTA5 11416,27125,1152,27125,(X),25438,1118,93.8,1.3,1687,363,6.2,1.3,25438,1118,93.8,1.3,7440,708,27.4,2.4,1705,334,6.3,1.2,12,19,0.0,0.1,9033,879,33.3,2.6,5,30,0.0,0.1,7243,726,26.7,2.6,1687,363,6.2,1.3,90,48,0.3,0.2,33,26,0.1,0.1,120,114,0.4,0.4,0,22,0.0,0.1,27125,1152,27125,(X),12243,838,45.1,2.6
168,8600000US11417,ZCTA5 11417,31927,1201,31927,(X),30233,1233,94.7,1.3,1694,406,5.3,1.3,30233,1233,94.7,1.3,11426,1077,35.8,3.1,2362,510,7.4,1.6,75,59,0.2,0.2,9273,950,29.0,2.8,5,8,0.0,0.1,7092,954,22.2,2.9,1694,406,5.3,1.3,230,176,0.7,0.6,69,80,0.2,0.3,275,160,0.9,0.5,81,106,0.3,0.3,31927,1201,31927,(X),12302,1171,38.5,3.2
169,8600000US11418,ZCTA5 11418,38517,1368,38517,(X),36047,1346,93.6,1.3,2470,501,6.4,1.3,36047,1346,93.6,1.3,15641,1267,40.6,2.9,2829,480,7.3,1.2,215,142,0.6,0.4,9217,883,23.9,2.3,0,25,0.0,0.1,8145,1056,21.1,2.6,2470,501,6.4,1.3,516,258,1.3,0.7,113,119,0.3,0.3,439,222,1.1,0.6,14,15,0.0,0.1,38517,1368,38517,(X),17603,1237,45.7,2.5
170,8600000US11419,ZCTA5 11419,49618,1871,49618,(X),46650,1790,94.0,1.2,2968,640,6.0,1.2,46650,1790,94.0,1.2,4991,591,10.1,1.1,8140,901,16.4,1.8,478,246,1.0,0.5,16169,1295,32.6,2.2,19,29,0.0,0.1,16853,1309,34.0,2.4,2968,640,6.0,1.2,225,137,0.5,0.3,19,30,0.0,0.1,77,62,0.2,0.1,60,67,0.1,0.1,49618,1871,49618,(X),9358,960,18.9,1.8
171,8600000US11420,ZCTA5 11420,48489,1693,48489,(X),45307,1698,93.4,1.1,3182,547,6.6,1.1,45307,1698,93.4,1.1,7399,1018,15.3,2.1,11883,1105,24.5,2.2,449,194,0.9,0.4,15052,1574,31.0,2.8,76,117,0.2,0.2,10448,1310,21.5,2.6,3182,547,6.6,1.1,243,128,0.5,0.3,87,94,0.2,0.2,227,151,0.5,0.3,61,42,0.1,0.1,48489,1693,48489,(X),11660,1426,24.0,2.8
172,8600000US11421,ZCTA5 11421,41002,1295,41002,(X),38236,1244,93.3,1.6,2766,670,6.7,1.6,38236,1244,93.3,1.6,18122,1313,44.2,2.9,1921,384,4.7,0.9,251,132,0.6,0.3,8029,830,19.6,2.1,0,25,0.0,0.1,9913,1072,24.2,2.4,2766,670,6.7,1.6,170,99,0.4,0.2,48,65,0.1,0.2,106,81,0.3,0.2,32,36,0.1,0.1,41002,1295,41002,(X),24042,1522,58.6,2.5
173,8600000US11422,ZCTA5 11422,32082,1695,32082,(X),31456,1713,98.0,0.7,626,217,2.0,0.7,31456,1713,98.0,0.7,1759,438,5.5,1.4,27335,1726,85.2,2.4,305,264,1.0,0.8,662,309,2.1,0.9,0,25,0.0,0.1,1395,574,4.3,1.8,626,217,2.0,0.7,134,75,0.4,0.2,0,25,0.0,0.1,30,37,0.1,0.1,27,29,0.1,0.1,32082,1695,32082,(X),3070,543,9.6,1.7
174,8600000US11423,ZCTA5 11423,31400,1462,31400,(X),30206,1470,96.2,1.2,1194,392,3.8,1.2,30206,1470,96.2,1.2,4070,624,13.0,2.0,12198,1048,38.8,3.1,218,152,0.7,0.5,8960,979,28.5,2.6,0,25,0.0,0.1,4760,957,15.2,2.8,1194,392,3.8,1.2,61,87,0.2,0.3,14,27,0.0,0.1,16,25,0.1,0.1,44,31,0.1,0.1,31400,1462,31400,(X),4455,903,14.2,2.7
175,8600000US11424,ZCTA5 11424,0,12,0,(X),0,12,-,**,0,12,-,**,0,12,-,**,0,12,-,**,0,12,-,**,0,12,-,**,0,12,-,**,0,12,-,**,0,12,-,**,0,12,-,**,0,12,-,**,0,12,-,**,0,12,-,**,0,12,-,**,0,12,0,(X),0,12,-,**
176,8600000US11425,ZCTA5 11425,0,12,0,(X),0,12,-,**,0,12,-,**,0,12,-,**,0,12,-,**,0,12,-,**,0,12,-,**,0,12,-,**,0,12,-,**,0,12,-,**,0,12,-,**,0,12,-,**,0,12,-,**,0,12,-,**,0,12,-,**,0,12,0,(X),0,12,-,**
177,8600000US11426,ZCTA5 11426,20801,1201,20801,(X),20157,1269,96.9,1.1,644,211,3.1,1.1,20157,1269,96.9,1.1,8083,847,38.9,4.6,1379,618,6.6,2.9,98,106,0.5,0.5,9202,1277,44.2,4.7,0,22,0.0,0.2,1395,585,6.7,2.7,644,211,3.1,1.1,70,71,0.3,0.3,0,22,0.0,0.2,210,107,1.0,0.5,0,22,0.0,0.2,20801,1201,20801,(X),3938,790,18.9,3.7
178,8600000US11427,ZCTA5 11427,24037,1048,24037,(X),22589,1091,94.0,1.5,1448,357,6.0,1.5,22589,1091,94.0,1.5,7047,777,29.3,3.1,4979,706,20.7,2.6,279,210,1.2,0.9,7535,815,31.3,3.2,0,22,0.0,0.1,2749,584,11.4,2.4,1448,357,6.0,1.5,32,29,0.1,0.1,9,13,0.0,0.1,212,159,0.9,0.7,82,74,0.3,0.3,24037,1048,24037,(X),4676,694,19.5,2.8
179,8600000US11428,ZCTA5 11428,18929,861,18929,(X),16742,859,88.4,2.2,2187,429,11.6,2.2,16742,859,88.4,2.2,4295,522,22.7,2.5,3982,540,21.0,2.9,43,37,0.2,0.2,4877,624,25.8,3.3,87,116,0.5,0.6,3458,764,18.3,3.7,2187,429,11.6,2.2,270,188,1.4,1.0,149,191,0.8,1.0,60,50,0.3,0.3,11,17,0.1,0.1,18929,861,18929,(X),4795,724,25.3,3.4
180,8600000US11429,ZCTA5 11429,27403,1261,27403,(X),26781,1239,97.7,0.8,622,236,2.3,0.8,26781,1239,97.7,0.8,964,256,3.5,0.9,20884,1338,76.2,3.1,209,179,0.8,0.7,1122,302,4.1,1.0,59,76,0.2,0.3,3543,686,12.9,2.5,622,236,2.3,0.8,49,45,0.2,0.2,0,22,0.0,0.1,22,34,0.1,0.1,37,33,0.1,0.1,27403,1261,27403,(X),3405,612,12.4,2.3
181,8600000US11430,ZCTA5 11430,198,147,198,(X),198,147,100.0,15.1,0,12,0.0,15.1,198,147,100.0,15.1,25,23,12.6,14.5,146,106,73.7,8.2,0,12,0.0,15.1,0,12,0.0,15.1,0,12,0.0,15.1,27,44,13.6,17.3,0,12,0.0,15.1,0,12,0.0,15.1,0,12,0.0,15.1,0,12,0.0,15.1,0,12,0.0,15.1,198,147,198,(X),58,60,29.3,15.8
182,8600000US11432,ZCTA5 11432,62053,2158,62053,(X),59060,2136,95.2,0.8,2993,523,4.8,0.8,59060,2136,95.2,0.8,11857,1060,19.1,1.6,9931,943,16.0,1.4,381,199,0.6,0.3,25816,1450,41.6,2.0,108,117,0.2,0.2,10967,1269,17.7,1.8,2993,523,4.8,0.8,314,116,0.5,0.2,229,189,0.4,0.3,616,241,1.0,0.4,119,61,0.2,0.1,62053,2158,62053,(X),15162,1266,24.4,1.7
183,8600000US11433,ZCTA5 11433,36489,1610,36489,(X),35333,1569,96.8,1.6,1156,587,3.2,1.6,35333,1569,96.8,1.6,1432,573,3.9,1.6,23459,1594,64.3,4.0,6,10,0.0,0.1,3195,941,8.8,2.5,9,14,0.0,0.1,7232,1289,19.8,3.4,1156,587,3.2,1.6,120,86,0.3,0.2,0,25,0.0,0.1,69,109,0.2,0.3,154,163,0.4,0.4,36489,1610,36489,(X),6893,1110,18.9,2.8
184,8600000US11434,ZCTA5 11434,65791,2329,65791,(X),64487,2293,98.0,0.5,1304,336,2.0,0.5,64487,2293,98.0,0.5,1927,386,2.9,0.6,57595,2264,87.5,1.4,22,37,0.0,0.1,1615,477,2.5,0.7,0,28,0.0,0.1,3328,729,5.1,1.1,1304,336,2.0,0.5,241,122,0.4,0.2,38,38,0.1,0.1,104,128,0.2,0.2,166,155,0.3,0.2,65791,2329,65791,(X),4955,820,7.5,1.2
185,8600000US11435,ZCTA5 11435,59296,1407,59296,(X),56666,1576,95.6,1.0,2630,572,4.4,1.0,56666,1576,95.6,1.0,10038,902,16.9,1.5,14016,1078,23.6,1.8,135,117,0.2,0.2,14423,1375,24.3,2.2,22,28,0.0,0.1,18032,1924,30.4,3.1,2630,572,4.4,1.0,385,202,0.6,0.3,167,149,0.3,0.3,395,265,0.7,0.5,36,21,0.1,0.1,59296,1407,59296,(X),18428,1603,31.1,2.5
186,8600000US11436,ZCTA5 11436,20077,917,20077,(X),19177,944,95.5,1.3,900,264,4.5,1.3,19177,944,95.5,1.3,1132,299,5.6,1.4,12389,849,61.7,3.4,133,79,0.7,0.4,2116,495,10.5,2.4,0,22,0.0,0.2,3407,598,17.0,2.8,900,264,4.5,1.3,70,54,0.3,0.3,0,22,0.0,0.2,48,54,0.2,0.3,63,43,0.3,0.2,20077,917,20077,(X),2969,497,14.8,2.3
187,8600000US11451,ZCTA5 11451,0,12,0,(X),0,12,-,**,0,12,-,**,0,12,-,**,0,12,-,**,0,12,-,**,0,12,-,**,0,12,-,**,0,12,-,**,0,12,-,**,0,12,-,**,0,12,-,**,0,12,-,**,0,12,-,**,0,12,-,**,0,12,0,(X),0,12,-,**
188,8600000US11510,ZCTA5 11510,33484,1161,33484,(X),31388,1250,93.7,2.0,2096,662,6.3,2.0,31388,1250,93.7,2.0,17237,1325,51.5,3.4,11047,908,33.0,2.5,28,31,0.1,0.1,1276,350,3.8,1.1,34,40,0.1,0.1,1766,698,5.3,2.1,2096,662,6.3,2.0,837,521,2.5,1.6,184,217,0.5,0.6,133,126,0.4,0.4,317,259,0.9,0.8,33484,1161,33484,(X),8173,990,24.4,2.7
189,8600000US11548,ZCTA5 11548,2963,527,2963,(X),2865,520,96.7,1.7,98,50,3.3,1.7,2865,520,96.7,1.7,1857,393,62.7,11.1,199,86,6.7,3.0,0,12,0.0,1.1,657,371,22.2,10.9,0,12,0.0,1.1,152,167,5.1,5.5,98,50,3.3,1.7,17,22,0.6,0.8,0,12,0.0,1.1,34,33,1.1,1.1,13,16,0.4,0.5,2963,527,2963,(X),316,176,10.7,5.5
190,8600000US11566,ZCTA5 11566,33401,942,33401,(X),32955,907,98.7,0.7,446,225,1.3,0.7,32955,907,98.7,0.7,30277,1006,90.6,1.9,1022,376,3.1,1.1,42,56,0.1,0.2,1234,374,3.7,1.1,0,25,0.0,0.1,380,204,1.1,0.6,446,225,1.3,0.7,42,72,0.1,0.2,121,126,0.4,0.4,177,126,0.5,0.4,3,6,0.0,0.1,33401,942,33401,(X),2306,460,6.9,1.3
191,8600000US11577,ZCTA5 11577,12808,719,12808,(X),12652,733,98.8,0.8,156,105,1.2,0.8,12652,733,98.8,0.8,9563,721,74.7,3.6,659,231,5.1,1.7,37,38,0.3,0.3,2134,375,16.7,2.7,0,19,0.0,0.3,259,201,2.0,1.6,156,105,1.2,0.8,6,12,0.0,0.1,13,20,0.1,0.2,45,52,0.4,0.4,0,19,0.0,0.3,12808,719,12808,(X),1274,434,9.9,3.3
192,8600000US11580,ZCTA5 11580,43714,1203,43714,(X),41589,1308,95.1,1.3,2125,569,4.9,1.3,41589,1308,95.1,1.3,15334,1184,35.1,2.8,13924,1305,31.9,2.8,25,35,0.1,0.1,6409,799,14.7,1.8,12,22,0.0,0.1,5885,1187,13.5,2.6,2125,569,4.9,1.3,423,298,1.0,0.7,7,13,0.0,0.1,227,183,0.5,0.4,11,19,0.0,0.1,43714,1203,43714,(X),11425,1307,26.1,2.7
193,8600000US11598,ZCTA5 11598,13715,935,13715,(X),13676,941,99.7,0.4,39,54,0.3,0.4,13676,941,99.7,0.4,12469,946,90.9,3.6,482,256,3.5,1.9,0,19,0.0,0.2,455,262,3.3,1.9,0,19,0.0,0.2,270,239,2.0,1.7,39,54,0.3,0.4,1,3,0.0,0.1,0,19,0.0,0.2,0,19,0.0,0.2,0,19,0.0,0.2,13715,935,13715,(X),928,396,6.8,2.8
194,0100000US,United States,322903030,*****,322903030,(X),312467233,95465,96.8,0.1,10435797,95419,3.2,0.1,312467233,95465,96.8,0.1,234904818,49642,72.7,0.1,40916113,31375,12.7,0.1,2699073,12129,0.8,0.1,17574550,20968,5.4,0.1,582718,5451,0.2,0.1,15789961,90295,4.9,0.1,10435797,95419,3.2,0.1,2808897,31046,0.9,0.1,1914487,12184,0.6,0.1,2174150,26032,0.7,0.1,313482,7086,0.1,0.1,322903030,*****,322903030,(X),57517935,1657,17.8,0.1
195,8600000US11691,ZCTA5 11691,67094,2785,67094,(X),65515,2895,97.6,0.8,1579,496,2.4,0.8,65515,2895,97.6,0.8,26121,1989,38.9,2.7,31425,2627,46.8,3.0,132,153,0.2,0.2,2348,704,3.5,1.0,90,116,0.1,0.2,5399,1218,8.0,1.8,1579,496,2.4,0.8,558,303,0.8,0.5,48,56,0.1,0.1,35,39,0.1,0.1,145,110,0.2,0.2,67094,2785,67094,(X),17688,1660,26.4,2.2
196,8600000US11692,ZCTA5 11692,20991,1218,20991,(X),20567,1216,98.0,0.8,424,158,2.0,0.8,20567,1216,98.0,0.8,4745,885,22.6,4.1,12782,1203,60.9,4.5,154,157,0.7,0.7,1199,387,5.7,1.9,0,22,0.0,0.2,1687,593,8.0,2.7,424,158,2.0,0.8,37,31,0.2,0.1,0,22,0.0,0.2,81,78,0.4,0.4,48,38,0.2,0.2,20991,1218,20991,(X),5122,769,24.4,3.3
197,8600000US11693,ZCTA5 11693,12919,1165,12919,(X),12220,1105,94.6,2.2,699,293,5.4,2.2,12220,1105,94.6,2.2,8174,913,63.3,5.2,2571,675,19.9,4.7,0,19,0.0,0.3,521,282,4.0,2.2,0,19,0.0,0.3,954,381,7.4,2.9,699,293,5.4,2.2,80,78,0.6,0.6,27,38,0.2,0.3,36,55,0.3,0.4,13,19,0.1,0.2,12919,1165,12919,(X),3810,888,29.5,5.3
198,8600000US11694,ZCTA5 11694,21354,951,21354,(X),21109,956,98.9,0.6,245,137,1.1,0.6,21109,956,98.9,0.6,17362,958,81.3,3.0,1449,303,6.8,1.4,214,228,1.0,1.1,742,309,3.5,1.4,0,22,0.0,0.2,1342,460,6.3,2.1,245,137,1.1,0.6,20,23,0.1,0.1,132,116,0.6,0.5,40,50,0.2,0.2,24,30,0.1,0.1,21354,951,21354,(X),3183,583,14.9,2.6
199,8600000US11731,ZCTA5 11731,30357,936,30357,(X),30030,951,98.9,0.5,327,150,1.1,0.5,30030,951,98.9,0.5,28173,927,92.8,1.4,458,331,1.5,1.1,0,25,0.0,0.1,1079,247,3.6,0.8,0,25,0.0,0.1,320,194,1.1,0.6,327,150,1.1,0.5,27,34,0.1,0.1,70,58,0.2,0.2,174,118,0.6,0.4,0,25,0.0,0.1,30357,936,30357,(X),2452,548,8.1,1.8
200,8600000US11798,ZCTA5 11798,15033,930,15033,(X),14159,901,94.2,3.0,874,457,5.8,3.0,14159,901,94.2,3.0,3483,624,23.2,3.7,8882,758,59.1,3.9,102,94,0.7,0.6,271,117,1.8,0.8,0,19,0.0,0.2,1421,525,9.5,3.5,874,457,5.8,3.0,229,179,1.5,1.2,98,137,0.7,0.9,29,31,0.2,0.2,96,102,0.6,0.7,15033,930,15033,(X),4381,700,29.1,3.9
201,8600000US11968,ZCTA5 11968,10667,682,10667,(X),10568,682,99.1,1.1,99,122,0.9,1.1,10568,682,99.1,1.1,9315,642,87.3,4.2,543,320,5.1,2.9,5,8,0.0,0.1,571,323,5.4,2.9,0,19,0.0,0.3,134,122,1.3,1.2,99,122,0.9,1.1,77,121,0.7,1.1,0,19,0.0,0.3,6,11,0.1,0.1,0,19,0.0,0.3,10667,682,10667,(X),981,377,9.2,3.5
202,8600000US12423,ZCTA5 12423,1089,229,1089,(X),1089,229,100.0,2.9,0,12,0.0,2.9,1089,229,100.0,2.9,998,215,91.6,7.1,49,72,4.5,6.4,0,12,0.0,2.9,24,27,2.2,2.5,0,12,0.0,2.9,18,17,1.7,1.6,0,12,0.0,2.9,0,12,0.0,2.9,0,12,0.0,2.9,0,12,0.0,2.9,0,12,0.0,2.9,1089,229,1089,(X),31,31,2.8,2.8
203,8600000US12428,ZCTA5 12428,7022,370,7022,(X),6154,543,87.6,5.9,868,416,12.4,5.9,6154,543,87.6,5.9,4941,650,70.4,7.7,405,165,5.8,2.4,2,4,0.0,0.1,285,266,4.1,3.8,0,17,0.0,0.5,521,362,7.4,5.1,868,416,12.4,5.9,101,111,1.4,1.6,198,156,2.8,2.2,2,4,0.0,0.1,0,17,0.0,0.5,7022,370,7022,(X),1576,467,22.4,6.7
204,8600000US12435,ZCTA5 12435,308,180,308,(X),308,180,100.0,10.0,0,12,0.0,10.0,308,180,100.0,10.0,308,180,100.0,10.0,0,12,0.0,10.0,0,12,0.0,10.0,0,12,0.0,10.0,0,12,0.0,10.0,0,12,0.0,10.0,0,12,0.0,10.0,0,12,0.0,10.0,0,12,0.0,10.0,0,12,0.0,10.0,0,12,0.0,10.0,308,180,308,(X),4,7,1.3,2.8
205,8600000US12458,ZCTA5 12458,2804,354,2804,(X),2488,296,88.7,3.8,316,126,11.3,3.8,2488,296,88.7,3.8,1791,270,63.9,5.3,383,65,13.7,2.9,14,18,0.5,0.6,35,28,1.2,1.0,0,12,0.0,1.2,265,130,9.5,4.3,316,126,11.3,3.8,107,74,3.8,2.6,0,12,0.0,1.2,5,9,0.2,0.3,38,26,1.4,0.9,2804,354,2804,(X),605,189,21.6,5.8
206,8600000US12466,ZCTA5 12466,2402,278,2402,(X),2358,268,98.2,1.8,44,45,1.8,1.8,2358,268,98.2,1.8,2298,267,95.7,2.9,8,11,0.3,0.4,0,12,0.0,1.3,52,56,2.2,2.3,0,12,0.0,1.3,0,12,0.0,1.3,44,45,1.8,1.8,32,50,1.3,2.1,0,12,0.0,1.3,0,12,0.0,1.3,0,12,0.0,1.3,2402,278,2402,(X),93,78,3.9,3.1
207,8600000US12473,ZCTA5 12473,785,278,785,(X),785,278,100.0,4.1,0,12,0.0,4.1,785,278,100.0,4.1,785,278,100.0,4.1,0,12,0.0,4.1,0,12,0.0,4.1,0,12,0.0,4.1,0,12,0.0,4.1,0,12,0.0,4.1,0,12,0.0,4.1,0,12,0.0,4.1,0,12,0.0,4.1,0,12,0.0,4.1,0,12,0.0,4.1,785,278,785,(X),4,8,0.5,1.0
208,8600000US12528,ZCTA5 12528,12871,501,12871,(X),12583,521,97.8,1.1,288,141,2.2,1.1,12583,521,97.8,1.1,11151,583,86.6,2.9,916,297,7.1,2.3,2,5,0.0,0.1,209,160,1.6,1.2,0,19,0.0,0.3,305,138,2.4,1.1,288,141,2.2,1.1,80,96,0.6,0.7,95,79,0.7,0.6,10,17,0.1,0.1,10,18,0.1,0.1,12871,501,12871,(X),1188,362,9.2,2.7
209,8600000US12701,ZCTA5 12701,11626,437,11626,(X),10320,583,88.8,3.9,1306,461,11.2,3.9,10320,583,88.8,3.9,6605,660,56.8,5.2,2602,390,22.4,3.4,7,10,0.1,0.1,304,226,2.6,1.9,0,19,0.0,0.3,802,386,6.9,3.3,1306,461,11.2,3.9,806,352,6.9,3.0,5,8,0.0,0.1,7,14,0.1,0.1,302,271,2.6,2.3,11626,437,11626,(X),3261,457,28.0,3.6
210,8600000US12733,ZCTA5 12733,1642,423,1642,(X),1547,425,94.2,4.1,95,64,5.8,4.1,1547,425,94.2,4.1,1132,386,68.9,11.2,197,61,12.0,4.4,17,20,1.0,1.3,25,24,1.5,1.5,0,12,0.0,2.0,176,167,10.7,9.5,95,64,5.8,4.1,58,53,3.5,3.3,0,12,0.0,2.0,0,12,0.0,2.0,25,27,1.5,1.7,1642,423,1642,(X),332,178,20.2,9.4
211,8600000US12734,ZCTA5 12734,903,291,903,(X),893,292,98.9,2.0,10,18,1.1,2.0,893,292,98.9,2.0,859,300,95.1,8.2,0,12,0.0,3.5,0,12,0.0,3.5,0,12,0.0,3.5,0,12,0.0,3.5,34,53,3.8,6.2,10,18,1.1,2.0,0,12,0.0,3.5,0,12,0.0,3.5,0,12,0.0,3.5,0,12,0.0,3.5,903,291,903,(X),321,234,35.5,20.1
212,8600000US12737,ZCTA5 12737,1782,271,1782,(X),1752,269,98.3,2.0,30,36,1.7,2.0,1752,269,98.3,2.0,1704,261,95.6,3.0,24,32,1.3,1.8,0,12,0.0,1.8,16,14,0.9,0.8,0,12,0.0,1.8,8,18,0.4,1.0,30,36,1.7,2.0,7,11,0.4,0.6,0,12,0.0,1.8,0,12,0.0,1.8,0,12,0.0,1.8,1782,271,1782,(X),218,107,12.2,5.8
213,8600000US12750,ZCTA5 12750,417,247,417,(X),417,247,100.0,7.5,0,12,0.0,7.5,417,247,100.0,7.5,391,246,93.8,9.3,21,33,5.0,8.6,5,11,1.2,2.7,0,12,0.0,7.5,0,12,0.0,7.5,0,12,0.0,7.5,0,12,0.0,7.5,0,12,0.0,7.5,0,12,0.0,7.5,0,12,0.0,7.5,0,12,0.0,7.5,417,247,417,(X),0,12,0.0,7.5
214,8600000US12751,ZCTA5 12751,926,257,926,(X),887,249,95.8,4.7,39,45,4.2,4.7,887,249,95.8,4.7,579,211,62.5,18.9,252,202,27.2,20.0,0,12,0.0,3.4,22,49,2.4,5.1,0,12,0.0,3.4,34,50,3.7,5.5,39,45,4.2,4.7,20,32,2.2,3.4,19,29,2.1,3.1,0,12,0.0,3.4,0,12,0.0,3.4,926,257,926,(X),135,117,14.6,12.5
215,8600000US12754,ZCTA5 12754,6608,418,6608,(X),6495,437,98.3,1.2,113,80,1.7,1.2,6495,437,98.3,1.2,5042,603,76.3,7.8,846,394,12.8,5.8,0,17,0.0,0.5,59,54,0.9,0.8,0,17,0.0,0.5,548,332,8.3,5.1,113,80,1.7,1.2,46,52,0.7,0.8,58,56,0.9,0.9,3,7,0.0,0.1,0,17,0.0,0.5,6608,418,6608,(X),1410,368,21.3,5.7
216,8600000US12758,ZCTA5 12758,3908,429,3908,(X),3746,426,95.9,2.4,162,94,4.1,2.4,3746,426,95.9,2.4,3414,415,87.4,7.8,66,55,1.7,1.4,0,12,0.0,0.8,30,34,0.8,0.9,0,12,0.0,0.8,236,299,6.0,7.5,162,94,4.1,2.4,82,76,2.1,1.9,38,54,1.0,1.4,25,29,0.6,0.7,0,12,0.0,0.8,3908,429,3908,(X),194,118,5.0,3.0
217,8600000US12759,ZCTA5 12759,2000,515,2000,(X),1982,512,99.1,0.8,18,17,0.9,0.8,1982,512,99.1,0.8,1481,479,74.1,10.5,207,152,10.4,7.5,0,12,0.0,1.6,6,12,0.3,0.6,0,12,0.0,1.6,288,199,14.4,10.2,18,17,0.9,0.8,18,17,0.9,0.8,0,12,0.0,1.6,0,12,0.0,1.6,0,12,0.0,1.6,2000,515,2000,(X),411,224,20.6,11.2
218,8600000US12763,ZCTA5 12763,648,243,648,(X),637,236,98.3,2.7,11,18,1.7,2.7,637,236,98.3,2.7,611,235,94.3,4.1,11,11,1.7,1.8,0,12,0.0,4.9,0,12,0.0,4.9,0,12,0.0,4.9,15,23,2.3,3.6,11,18,1.7,2.7,0,12,0.0,4.9,0,12,0.0,4.9,0,12,0.0,4.9,0,12,0.0,4.9,648,243,648,(X),158,123,24.4,14.3
219,8600000US12764,ZCTA5 12764,1583,178,1583,(X),1574,180,99.4,0.9,9,14,0.6,0.9,1574,180,99.4,0.9,1449,159,91.5,5.3,37,36,2.3,2.2,14,18,0.9,1.2,64,64,4.0,3.9,0,12,0.0,2.0,10,18,0.6,1.1,9,14,0.6,0.9,0,12,0.0,2.0,8,13,0.5,0.9,1,2,0.1,0.1,0,12,0.0,2.0,1583,178,1583,(X),44,34,2.8,2.0
220,8600000US12768,ZCTA5 12768,794,277,794,(X),794,277,100.0,4.0,0,12,0.0,4.0,794,277,100.0,4.0,781,273,98.4,2.8,0,12,0.0,4.0,13,22,1.6,2.8,0,12,0.0,4.0,0,12,0.0,4.0,0,12,0.0,4.0,0,12,0.0,4.0,0,12,0.0,4.0,0,12,0.0,4.0,0,12,0.0,4.0,0,12,0.0,4.0,794,277,794,(X),250,210,31.5,20.2
221,8600000US12779,ZCTA5 12779,1959,503,1959,(X),1911,506,97.5,2.8,48,52,2.5,2.8,1911,506,97.5,2.8,1104,426,56.4,16.5,342,201,17.5,10.6,0,12,0.0,1.6,0,12,0.0,1.6,0,12,0.0,1.6,465,385,23.7,17.7,48,52,2.5,2.8,29,45,1.5,2.4,19,26,1.0,1.4,0,12,0.0,1.6,0,12,0.0,1.6,1959,503,1959,(X),641,397,32.7,17.8
222,8600000US12783,ZCTA5 12783,1992,377,1992,(X),1985,380,99.6,1.2,7,23,0.4,1.2,1985,380,99.6,1.2,1792,344,90.0,5.3,143,109,7.2,5.2,25,35,1.3,1.8,15,22,0.8,1.1,0,12,0.0,1.6,10,22,0.5,1.1,7,23,0.4,1.2,0,12,0.0,1.6,7,23,0.4,1.2,0,12,0.0,1.6,0,12,0.0,1.6,1992,377,1992,(X),282,148,14.2,6.7
223,8600000US12786,ZCTA5 12786,271,148,271,(X),271,148,100.0,11.3,0,12,0.0,11.3,271,148,100.0,11.3,271,148,100.0,11.3,0,12,0.0,11.3,0,12,0.0,11.3,0,12,0.0,11.3,0,12,0.0,11.3,0,12,0.0,11.3,0,12,0.0,11.3,0,12,0.0,11.3,0,12,0.0,11.3,0,12,0.0,11.3,0,12,0.0,11.3,271,148,271,(X),0,12,0.0,11.3
224,8600000US12788,ZCTA5 12788,2717,417,2717,(X),2558,392,94.1,4.0,159,114,5.9,4.0,2558,392,94.1,4.0,1859,372,68.4,7.7,461,135,17.0,4.9,38,36,1.4,1.3,13,21,0.5,0.8,0,12,0.0,1.2,187,136,6.9,4.9,159,114,5.9,4.0,87,107,3.2,3.8,0,12,0.0,1.2,6,11,0.2,0.4,38,21,1.4,0.8,2717,417,2717,(X),490,204,18.0,7.2
225,8600000US12789,ZCTA5 12789,1952,296,1952,(X),1791,307,91.8,5.4,161,105,8.2,5.4,1791,307,91.8,5.4,1571,295,80.5,7.8,145,85,7.4,4.1,0,12,0.0,1.6,8,11,0.4,0.6,0,12,0.0,1.6,67,77,3.4,4.0,161,105,8.2,5.4,118,90,6.0,4.5,0,12,0.0,1.6,8,10,0.4,0.5,11,18,0.6,0.9,1952,296,1952,(X),374,170,19.2,8.2
226,8600000US13731,ZCTA5 13731,880,132,880,(X),841,130,95.6,4.1,39,37,4.4,4.1,841,130,95.6,4.1,829,129,94.2,4.4,0,12,0.0,3.6,4,6,0.5,0.7,8,9,0.9,1.0,0,12,0.0,3.6,0,12,0.0,3.6,39,37,4.4,4.1,2,5,0.2,0.5,33,38,3.8,4.2,4,8,0.5,0.9,0,12,0.0,3.6,880,132,880,(X),11,9,1.3,1.0
